Loan_ID,Customer_ID,Loan_Type,Loan_Amount,Interest_Rate,Tenure_Months,Application_Date,Loan_Status
L5000,C1077,Business Loan,477946,13.7,36,2026-04-02,Rejected
L5001,C1946,Personal Loan,81533,9.91,12,2025-05-21,Default
L5002,C1601,Home Loan,5888880,17.07,12,2025-07-06,Approved
L5003,C1687,Education Loan,964899,10.43,120,2026-05-14,Approved
L5004,C1020,Business Loan,563503,9.98,60,2026-03-11,Approved
L5005,C1565,Home Loan,3118292,9.73,12,2024-06-16,Approved
L5006,C1183,Home Loan,2826393,8.24,84,2025-06-29,Pending
L5007,C1870,Auto Loan,1531064,13.48,84,2026-04-09,Approved
L5008,C1221,Business Loan,3302083,8.52,48,2026-02-25,Default
L5009,C1826,Business Loan,631922,11.6,120,2025-03-02,Approved
L5010,C1327,Personal Loan,332745,12.03,120,2025-12-09,Default
L5011,C1178,Home Loan,2094416,6.75,240,2025-12-03,Approved
L5012,C1787,Home Loan,2785196,6.7,12,2024-08-08,Pending
L5013,C1111,Education Loan,543035,12.74,60,2024-01-10,Default
L5014,C1735,Auto Loan,1201920,14.85,36,2024-04-29,Default
L5015,C1725,Auto Loan,559267,17.81,120,2025-09-26,Approved
L5016,C1058,Business Loan,2179466,8.65,48,2024-09-03,Approved
L5017,C1326,Personal Loan,713440,7.74,48,2024-12-25,Rejected
L5018,C1904,Personal Loan,739317,7.13,12,2024-08-08,Approved
L5019,C1620,Home Loan,5352636,11.73,12,2026-02-11,Approved
L5020,C1896,Personal Loan,171292,13.98,24,2025-05-20,Approved
L5021,C1668,Personal Loan,140570,16.59,24,2024-02-27,Approved
L5022,C1190,Personal Loan,534540,14.69,12,2026-04-06,Approved
L5023,C1199,Auto Loan,1195791,9.0,180,2025-04-04,Approved
L5024,C1311,Business Loan,2520943,12.04,84,2024-05-07,Approved
L5025,C1707,Home Loan,3862138,17.42,84,2025-11-29,Approved
L5026,C1034,Home Loan,2341121,10.42,240,2025-12-17,Approved
L5027,C1378,Personal Loan,565689,12.48,60,2024-03-26,Approved
L5028,C1386,Education Loan,984807,18.0,48,2024-04-13,Approved
L5029,C1757,Education Loan,856349,15.32,84,2024-05-22,Pending
L5030,C1236,Auto Loan,930281,15.47,180,2024-07-23,Default
L5031,C1615,Personal Loan,526984,9.53,12,2025-10-02,Default
L5032,C1518,Personal Loan,421024,11.48,120,2026-01-27,Pending
L5033,C1282,Personal Loan,412470,7.49,180,2024-02-07,Approved
L5034,C1000,Auto Loan,346903,13.78,240,2024-12-28,Rejected
L5035,C1730,Education Loan,145708,7.74,180,2025-09-12,Approved
L5036,C1463,Business Loan,3810278,16.53,120,2024-11-04,Rejected
L5037,C1229,Home Loan,2015442,16.27,36,2024-02-21,Approved
L5038,C1966,Education Loan,583157,12.9,24,2024-01-01,Approved
L5039,C1171,Business Loan,3615537,8.19,36,2024-01-11,Approved
L5040,C1086,Personal Loan,183692,6.81,48,2026-04-05,Approved
L5041,C1552,Home Loan,3391318,16.06,48,2026-01-16,Rejected
L5042,C1122,Business Loan,3155681,13.7,84,2025-10-01,Approved
L5043,C1842,Personal Loan,216129,15.03,120,2024-08-01,Approved
L5044,C1297,Business Loan,1257642,10.15,48,2026-01-24,Approved
L5045,C1884,Business Loan,3131902,12.61,84,2025-07-09,Approved
L5046,C1928,Auto Loan,253024,15.47,240,2025-06-01,Approved
L5047,C1689,Education Loan,642112,12.05,84,2025-10-29,Pending
L5048,C1574,Education Loan,618534,13.72,36,2025-02-18,Approved
L5049,C1483,Auto Loan,248926,15.98,12,2024-01-08,Approved
L5050,C1164,Personal Loan,217932,9.08,60,2024-01-05,Approved
L5051,C1698,Personal Loan,325119,7.29,36,2024-12-27,Rejected
L5052,C1382,Personal Loan,799037,12.88,180,2025-11-24,Rejected
L5053,C1208,Auto Loan,881908,7.25,12,2024-04-21,Rejected
L5054,C1738,Personal Loan,413114,15.7,24,2024-09-29,Rejected
L5055,C1431,Personal Loan,533791,15.13,36,2025-02-25,Pending
L5056,C1388,Personal Loan,672354,17.08,36,2024-09-21,Pending
L5057,C1559,Auto Loan,894096,14.17,180,2025-04-02,Rejected
L5058,C1223,Business Loan,2458714,7.31,60,2024-07-30,Approved
L5059,C1002,Business Loan,3748281,9.54,180,2024-03-18,Rejected
L5060,C1371,Home Loan,2850181,16.2,84,2026-02-20,Approved
L5061,C1686,Business Loan,1096266,8.51,24,2025-10-27,Rejected
L5062,C1445,Education Loan,625128,14.88,48,2024-08-08,Pending
L5063,C1610,Home Loan,5729073,15.86,240,2025-01-03,Rejected
L5064,C1115,Auto Loan,231568,10.46,48,2024-12-12,Pending
L5065,C1269,Personal Loan,711259,10.37,60,2024-01-25,Approved
L5066,C1446,Business Loan,910326,13.19,60,2025-02-23,Approved
L5067,C1367,Home Loan,2045749,16.84,180,2024-12-19,Approved
L5068,C1252,Home Loan,1756277,9.19,84,2025-12-20,Pending
L5069,C1316,Auto Loan,329789,17.8,120,2025-02-20,Pending
L5070,C1414,Personal Loan,419604,13.69,84,2025-05-29,Rejected
L5071,C1094,Personal Loan,551994,18.41,60,2024-08-02,Rejected
L5072,C1784,Auto Loan,274723,7.58,60,2024-04-21,Rejected
L5073,C1891,Personal Loan,416338,8.02,36,2025-12-04,Default
L5074,C1023,Auto Loan,1121815,16.42,120,2025-07-12,Pending
L5075,C1627,Home Loan,4526904,16.88,60,2025-03-03,Rejected
L5076,C1662,Auto Loan,907494,11.85,120,2026-01-02,Rejected
L5077,C1849,Auto Loan,1733017,15.07,24,2025-11-29,Approved
L5078,C1049,Home Loan,1592515,16.91,240,2025-07-15,Rejected
L5079,C1501,Auto Loan,1593196,7.02,180,2025-12-09,Approved
L5080,C1717,Auto Loan,1235211,13.39,60,2024-08-03,Approved
L5081,C1497,Education Loan,192416,16.74,24,2025-02-16,Pending
L5082,C1334,Auto Loan,847122,11.28,84,2026-01-02,Approved
L5083,C1078,Business Loan,2061331,10.13,180,2025-01-14,Default
L5084,C1581,Personal Loan,365315,16.05,120,2025-08-24,Approved
L5085,C1026,Home Loan,950594,10.53,180,2024-08-19,Approved
L5086,C1270,Business Loan,1020892,6.54,48,2026-04-14,Approved
L5087,C1561,Home Loan,4863903,18.01,36,2024-09-14,Approved
L5088,C1803,Personal Loan,83545,13.61,120,2025-10-26,Approved
L5089,C1246,Home Loan,5179455,16.33,24,2024-09-12,Approved
L5090,C1775,Personal Loan,85790,16.4,60,2025-02-06,Approved
L5091,C1590,Personal Loan,625300,7.3,120,2025-02-27,Approved
L5092,C1386,Business Loan,2514979,8.55,12,2026-02-08,Approved
L5093,C1701,Home Loan,4205851,10.23,48,2024-03-05,Rejected
L5094,C1558,Personal Loan,64260,10.35,24,2024-07-08,Approved
L5095,C1972,Business Loan,496211,14.41,84,2025-08-25,Approved
L5096,C1360,Business Loan,2136082,13.98,12,2024-06-21,Rejected
L5097,C1865,Home Loan,3037699,12.44,120,2026-01-28,Approved
L5098,C1983,Personal Loan,259486,9.04,36,2026-02-06,Default
L5099,C1487,Business Loan,446192,11.08,12,2025-09-19,Rejected
L5100,C1351,Auto Loan,1664939,13.02,180,2025-07-14,Rejected
L5101,C1700,Auto Loan,464130,12.12,120,2024-08-14,Approved
L5102,C1927,Business Loan,2113065,8.03,24,2025-08-03,Rejected
L5103,C1255,Auto Loan,887790,14.29,120,2025-01-22,Pending
L5104,C1221,Personal Loan,105479,7.38,36,2025-02-04,Approved
L5105,C1883,Auto Loan,1724758,11.04,240,2025-09-29,Approved
L5106,C1752,Personal Loan,442977,15.02,180,2024-07-31,Approved
L5107,C1780,Education Loan,708546,6.74,60,2024-02-22,Rejected
L5108,C1000,Auto Loan,1487999,13.34,120,2025-09-15,Approved
L5109,C1545,Personal Loan,427332,10.51,36,2025-11-01,Rejected
L5110,C1445,Home Loan,884153,6.61,12,2026-01-21,Approved
L5111,C1078,Personal Loan,767278,8.78,12,2025-10-23,Pending
L5112,C1235,Personal Loan,470331,17.79,24,2024-05-18,Approved
L5113,C1333,Auto Loan,958272,12.75,180,2025-02-21,Approved
L5114,C1888,Personal Loan,127442,18.47,12,2025-09-16,Approved
L5115,C1348,Education Loan,411896,12.8,60,2024-05-22,Approved
L5116,C1097,Personal Loan,309488,13.03,240,2026-05-31,Approved
L5117,C1081,Auto Loan,278947,11.2,240,2025-05-23,Approved
L5118,C1501,Education Loan,961148,10.22,24,2025-10-11,Approved
L5119,C1966,Auto Loan,641209,9.52,120,2025-04-30,Pending
L5120,C1476,Home Loan,4769411,10.62,12,2025-03-12,Pending
L5121,C1926,Business Loan,2493648,12.02,36,2026-03-26,Approved
L5122,C1703,Personal Loan,776797,8.8,84,2025-06-26,Approved
L5123,C1764,Personal Loan,363760,9.2,240,2024-10-19,Approved
L5124,C1920,Home Loan,3399087,9.76,24,2025-09-11,Rejected
L5125,C1549,Personal Loan,420134,11.89,120,2024-10-10,Approved
L5126,C1013,Business Loan,3667764,14.33,48,2025-11-01,Approved
L5127,C1391,Personal Loan,516152,16.77,24,2026-04-17,Approved
L5128,C1346,Education Loan,794934,9.95,36,2024-01-14,Rejected
L5129,C1309,Education Loan,1140835,8.7,84,2025-09-25,Approved
L5130,C1385,Personal Loan,385076,11.05,240,2025-12-27,Pending
L5131,C1208,Auto Loan,469482,17.23,180,2024-09-28,Approved
L5132,C1356,Personal Loan,223790,6.62,240,2024-01-25,Approved
L5133,C1973,Home Loan,942617,14.63,48,2024-11-17,Approved
L5134,C1600,Personal Loan,635768,12.23,48,2026-03-16,Approved
L5135,C1567,Business Loan,3057753,8.43,240,2025-11-11,Approved
L5136,C1093,Business Loan,1568962,10.35,180,2024-04-12,Approved
L5137,C1092,Personal Loan,54695,9.2,24,2026-05-15,Approved
L5138,C1339,Personal Loan,782426,17.03,180,2026-06-01,Approved
L5139,C1596,Education Loan,1130120,12.28,12,2024-02-09,Approved
L5140,C1444,Personal Loan,588606,13.26,240,2024-08-22,Default
L5141,C1756,Business Loan,3234518,13.62,240,2026-04-11,Approved
L5142,C1021,Auto Loan,1664123,14.18,180,2024-03-29,Rejected
L5143,C1290,Home Loan,2556608,12.45,60,2024-04-09,Approved
L5144,C1484,Business Loan,3537619,6.71,60,2024-05-23,Approved
L5145,C1783,Home Loan,3367228,10.52,36,2024-03-22,Approved
L5146,C1305,Business Loan,1049045,8.71,60,2025-08-11,Approved
L5147,C1633,Business Loan,1417330,14.66,48,2025-07-24,Approved
L5148,C1127,Personal Loan,446053,7.18,12,2024-08-16,Approved
L5149,C1624,Personal Loan,437405,13.27,240,2025-08-25,Rejected
L5150,C1938,Business Loan,2911056,9.03,48,2026-05-15,Approved
L5151,C1272,Business Loan,3429272,17.89,36,2025-01-29,Approved
L5152,C1847,Personal Loan,417482,10.53,84,2025-05-27,Approved
L5153,C1441,Business Loan,864365,10.4,12,2026-02-19,Approved
L5154,C1502,Home Loan,5336363,17.58,60,2026-03-08,Rejected
L5155,C1129,Personal Loan,709599,11.51,120,2024-07-15,Approved
L5156,C1131,Business Loan,3687232,18.05,24,2024-09-30,Approved
L5157,C1596,Personal Loan,341813,6.79,240,2025-08-12,Approved
L5158,C1934,Business Loan,3232208,10.18,84,2025-10-14,Approved
L5159,C1481,Personal Loan,709510,14.49,24,2026-03-10,Rejected
L5160,C1861,Auto Loan,881376,17.19,180,2025-08-05,Approved
L5161,C1389,Personal Loan,717296,9.58,180,2025-07-15,Approved
L5162,C1592,Home Loan,1756740,17.67,12,2025-01-06,Approved
L5163,C1998,Auto Loan,1393669,13.63,12,2026-05-30,Rejected
L5164,C1984,Personal Loan,563694,16.11,12,2024-03-20,Approved
L5165,C1324,Home Loan,3010846,11.27,48,2024-08-22,Approved
L5166,C1068,Home Loan,5228760,9.05,48,2024-10-13,Rejected
L5167,C1659,Personal Loan,262079,17.43,180,2026-03-29,Approved
L5168,C1447,Education Loan,543232,17.7,12,2025-10-28,Approved
L5169,C1527,Personal Loan,466460,12.47,36,2025-07-25,Approved
L5170,C1818,Auto Loan,1704819,6.58,12,2025-06-28,Rejected
L5171,C1616,Home Loan,5295433,7.82,240,2025-03-12,Approved
L5172,C1164,Home Loan,2767582,13.38,240,2024-05-06,Default
L5173,C1487,Personal Loan,578058,6.79,120,2026-01-02,Rejected
L5174,C1712,Home Loan,5823601,11.26,180,2025-12-12,Approved
L5175,C1708,Home Loan,4530864,10.14,12,2025-02-20,Approved
L5176,C1425,Education Loan,152635,15.07,60,2025-09-29,Approved
L5177,C1696,Business Loan,320946,7.17,24,2024-02-10,Approved
L5178,C1833,Home Loan,1783638,12.36,12,2026-02-25,Pending
L5179,C1264,Personal Loan,670140,13.45,36,2025-04-13,Approved
L5180,C1874,Personal Loan,403247,13.91,120,2024-10-23,Approved
L5181,C1611,Personal Loan,535260,11.36,12,2025-08-19,Rejected
L5182,C1341,Personal Loan,167729,10.15,24,2025-08-23,Approved
L5183,C1831,Home Loan,4986080,14.69,24,2024-02-11,Rejected
L5184,C1725,Personal Loan,744519,16.67,48,2025-09-23,Rejected
L5185,C1277,Personal Loan,335815,14.82,36,2024-10-05,Approved
L5186,C1673,Personal Loan,721810,17.69,36,2025-04-03,Approved
L5187,C1438,Personal Loan,500491,15.11,60,2024-02-02,Rejected
L5188,C1156,Personal Loan,478734,15.68,36,2024-10-02,Rejected
L5189,C1421,Personal Loan,369957,8.51,120,2025-10-26,Approved
L5190,C1250,Home Loan,896748,11.53,60,2024-03-30,Approved
L5191,C1877,Home Loan,4709308,12.32,48,2025-09-07,Approved
L5192,C1608,Personal Loan,450022,9.58,36,2025-06-07,Approved
L5193,C1529,Home Loan,5623325,12.84,48,2024-06-08,Approved
L5194,C1326,Personal Loan,176865,9.99,24,2025-04-02,Approved
L5195,C1960,Personal Loan,395695,14.75,12,2025-12-08,Approved
L5196,C1894,Personal Loan,351364,12.14,36,2025-02-02,Approved
L5197,C1096,Home Loan,2127878,12.01,24,2026-03-29,Default
L5198,C1512,Auto Loan,1067424,18.3,12,2026-02-12,Rejected
L5199,C1215,Personal Loan,636864,11.21,12,2024-03-31,Approved
L5200,C1131,Personal Loan,205260,10.85,24,2025-12-09,Approved
L5201,C1259,Business Loan,3669415,10.32,240,2025-08-03,Approved
L5202,C1124,Personal Loan,370974,17.24,60,2025-04-10,Approved
L5203,C1081,Personal Loan,709379,12.46,240,2024-08-07,Default
L5204,C1282,Business Loan,2409571,13.7,180,2025-02-22,Approved
L5205,C1682,Education Loan,481856,8.67,84,2025-01-13,Default
L5206,C1058,Home Loan,4443512,12.99,12,2025-12-26,Approved
L5207,C1543,Home Loan,4565444,9.8,60,2025-03-22,Approved
L5208,C1160,Personal Loan,713333,15.27,12,2024-05-25,Approved
L5209,C1283,Personal Loan,660937,16.49,120,2024-08-20,Approved
L5210,C1105,Auto Loan,584793,15.08,180,2025-01-05,Approved
L5211,C1104,Personal Loan,323280,15.26,180,2024-08-21,Pending
L5212,C1438,Home Loan,4816899,12.65,120,2025-12-26,Rejected
L5213,C1227,Business Loan,3246086,15.05,24,2025-01-01,Pending
L5214,C1699,Business Loan,3608085,11.57,60,2025-04-25,Rejected
L5215,C1581,Personal Loan,173168,14.32,48,2025-07-26,Pending
L5216,C1317,Auto Loan,259155,9.61,60,2024-12-28,Approved
L5217,C1463,Home Loan,5456630,7.34,240,2025-08-12,Approved
L5218,C1801,Business Loan,3154135,11.46,48,2025-05-25,Rejected
L5219,C1598,Personal Loan,329934,12.04,180,2024-04-04,Rejected
L5220,C1881,Personal Loan,526377,9.58,180,2026-04-21,Rejected
L5221,C1873,Personal Loan,448422,15.23,24,2024-08-03,Approved
L5222,C1471,Personal Loan,171937,7.38,84,2025-12-25,Approved
L5223,C1055,Personal Loan,135053,9.17,60,2026-03-26,Pending
L5224,C1624,Education Loan,478355,15.48,24,2025-12-12,Approved
L5225,C1012,Auto Loan,1548416,11.75,48,2026-05-13,Approved
L5226,C1439,Personal Loan,524857,14.96,120,2025-06-26,Rejected
L5227,C1017,Home Loan,3915848,13.31,12,2026-03-12,Pending
L5228,C1693,Personal Loan,676683,17.91,240,2026-05-04,Approved
L5229,C1972,Business Loan,1339474,13.67,12,2024-05-14,Pending
L5230,C1112,Business Loan,2259129,6.68,60,2024-03-23,Default
L5231,C1228,Business Loan,2714697,10.73,120,2025-01-25,Default
L5232,C1170,Business Loan,3643026,8.22,180,2024-02-16,Pending
L5233,C1294,Personal Loan,599391,17.6,24,2025-01-26,Approved
L5234,C1188,Personal Loan,477479,7.75,48,2025-12-18,Approved
L5235,C1425,Auto Loan,1718413,11.15,24,2025-01-19,Approved
L5236,C1976,Business Loan,1660764,9.21,48,2025-01-15,Approved
L5237,C1078,Personal Loan,632018,16.66,84,2024-03-17,Approved
L5238,C1657,Personal Loan,75825,10.2,84,2024-09-15,Approved
L5239,C1918,Education Loan,597393,18.4,24,2025-08-26,Approved
L5240,C1181,Personal Loan,87271,6.96,48,2025-02-02,Approved
L5241,C1498,Home Loan,1925832,8.04,48,2024-04-09,Approved
L5242,C1797,Auto Loan,1688524,9.2,12,2025-05-15,Pending
L5243,C1761,Personal Loan,116433,16.23,24,2025-01-17,Approved
L5244,C1865,Personal Loan,787990,17.04,36,2025-12-07,Approved
L5245,C1825,Education Loan,856350,7.36,60,2024-07-10,Approved
L5246,C1707,Auto Loan,1796436,6.89,180,2025-08-02,Approved
L5247,C1834,Business Loan,862834,15.43,84,2026-01-23,Default
L5248,C1070,Personal Loan,496880,8.1,36,2025-08-24,Approved
L5249,C1247,Personal Loan,525551,8.1,84,2024-12-10,Approved
L5250,C1145,Education Loan,830559,6.77,120,2024-01-10,Approved
L5251,C1617,Home Loan,1321727,7.1,84,2024-09-20,Approved
L5252,C1774,Personal Loan,86948,9.66,84,2024-09-24,Approved
L5253,C1295,Education Loan,453351,7.28,12,2026-04-11,Approved
L5254,C1581,Personal Loan,534137,10.93,36,2025-09-21,Approved
L5255,C1469,Personal Loan,596312,16.49,120,2026-01-31,Pending
L5256,C1505,Personal Loan,657200,10.42,48,2025-07-24,Rejected
L5257,C1192,Home Loan,3676673,15.23,48,2024-07-13,Approved
L5258,C1067,Home Loan,2082322,7.63,120,2025-07-15,Approved
L5259,C1493,Home Loan,5405677,14.41,240,2025-02-10,Approved
L5260,C1816,Auto Loan,1743912,10.3,24,2024-10-22,Approved
L5261,C1051,Business Loan,3796425,15.5,240,2026-06-08,Approved
L5262,C1881,Personal Loan,707116,8.14,36,2024-04-06,Pending
L5263,C1362,Personal Loan,281749,17.27,84,2025-04-06,Approved
L5264,C1796,Personal Loan,676776,9.41,48,2025-09-30,Pending
L5265,C1916,Personal Loan,671029,10.74,12,2026-01-27,Approved
L5266,C1473,Auto Loan,431773,17.9,240,2024-03-27,Default
L5267,C1845,Auto Loan,1182099,13.44,84,2024-03-17,Approved
L5268,C1520,Education Loan,1112889,10.89,180,2026-06-07,Rejected
L5269,C1762,Personal Loan,447751,17.9,24,2025-12-16,Approved
L5270,C1430,Personal Loan,499251,10.45,120,2025-04-27,Pending
L5271,C1843,Home Loan,1316031,7.64,84,2024-05-25,Pending
L5272,C1297,Personal Loan,97367,18.46,24,2025-10-22,Rejected
L5273,C1434,Auto Loan,1134622,9.71,24,2024-04-20,Approved
L5274,C1695,Business Loan,1801604,16.72,48,2025-10-02,Rejected
L5275,C1690,Home Loan,2432748,8.49,48,2026-02-03,Approved
L5276,C1197,Education Loan,768640,15.28,36,2025-11-08,Approved
L5277,C1127,Home Loan,1164716,12.79,180,2024-10-23,Pending
L5278,C1531,Personal Loan,627539,18.27,120,2025-03-01,Approved
L5279,C1983,Auto Loan,1333397,13.13,24,2025-10-10,Approved
L5280,C1410,Personal Loan,657871,6.8,36,2026-03-01,Approved
L5281,C1933,Personal Loan,294697,13.75,240,2024-11-29,Rejected
L5282,C1839,Auto Loan,1258783,8.24,60,2025-06-06,Approved
L5283,C1064,Business Loan,1026487,16.08,24,2025-08-05,Approved
L5284,C1693,Personal Loan,77757,16.78,36,2025-11-01,Approved
L5285,C1240,Home Loan,1254623,12.29,180,2025-12-28,Rejected
L5286,C1368,Business Loan,3217406,15.9,48,2025-06-21,Approved
L5287,C1535,Education Loan,141340,8.24,24,2026-03-08,Rejected
L5288,C1383,Auto Loan,442955,12.4,24,2024-06-10,Approved
L5289,C1430,Personal Loan,649608,11.23,84,2025-03-05,Rejected
L5290,C1966,Business Loan,1713285,13.84,180,2025-09-05,Default
L5291,C1082,Personal Loan,478373,7.03,120,2024-03-09,Approved
L5292,C1981,Auto Loan,1530657,15.53,48,2024-05-12,Approved
L5293,C1830,Personal Loan,323363,7.45,24,2024-07-07,Pending
L5294,C1696,Auto Loan,1257975,14.38,240,2025-12-23,Approved
L5295,C1950,Personal Loan,701021,6.72,48,2026-01-24,Approved
L5296,C1827,Home Loan,1745161,16.48,240,2025-11-08,Pending
L5297,C1610,Personal Loan,281615,8.6,60,2025-07-26,Default
L5298,C1573,Personal Loan,659981,12.69,120,2026-05-23,Approved
L5299,C1285,Auto Loan,825219,9.64,60,2024-10-05,Approved
L5300,C1988,Business Loan,3386810,15.17,24,2025-03-05,Approved
L5301,C1533,Business Loan,2535004,10.36,84,2025-09-16,Approved
L5302,C1458,Personal Loan,339194,15.2,120,2025-06-25,Rejected
L5303,C1211,Auto Loan,797839,9.92,84,2026-04-14,Rejected
L5304,C1125,Auto Loan,530810,15.53,36,2024-06-09,Pending
L5305,C1412,Personal Loan,798979,6.87,180,2026-01-15,Approved
L5306,C1498,Personal Loan,656304,9.9,36,2026-06-17,Approved
L5307,C1424,Auto Loan,253010,12.48,60,2025-03-28,Approved
L5308,C1553,Business Loan,3677812,7.04,240,2026-06-07,Approved
L5309,C1609,Auto Loan,1522248,8.73,60,2026-04-30,Rejected
L5310,C1960,Home Loan,1707272,17.71,120,2024-06-18,Approved
L5311,C1542,Home Loan,5174984,18.22,120,2026-04-09,Rejected
L5312,C1157,Personal Loan,449130,15.38,60,2025-11-28,Rejected
L5313,C1111,Education Loan,636364,9.53,24,2024-02-26,Default
L5314,C1401,Education Loan,1003057,9.63,60,2024-08-27,Rejected
L5315,C1758,Personal Loan,752076,14.25,120,2026-02-07,Pending
L5316,C1121,Business Loan,1923162,7.91,120,2024-12-23,Approved
L5317,C1272,Personal Loan,119835,17.88,48,2024-07-19,Approved
L5318,C1293,Business Loan,2919909,9.2,12,2025-03-19,Approved
L5319,C1397,Home Loan,3533864,18.5,84,2026-04-16,Approved
L5320,C1470,Personal Loan,713478,12.45,36,2026-04-06,Rejected
L5321,C1984,Home Loan,4939524,15.76,60,2024-10-28,Approved
L5322,C1206,Home Loan,2102970,6.53,48,2024-04-15,Approved
L5323,C1109,Personal Loan,369055,17.16,24,2026-03-12,Approved
L5324,C1439,Auto Loan,1190993,9.74,120,2024-04-10,Approved
L5325,C1277,Auto Loan,303088,14.52,60,2024-04-06,Rejected
L5326,C1962,Education Loan,1059296,16.18,120,2025-10-26,Rejected
L5327,C1567,Personal Loan,624901,8.47,240,2024-01-29,Rejected
L5328,C1886,Home Loan,2613948,11.81,48,2025-05-20,Approved
L5329,C1914,Personal Loan,214999,12.43,60,2025-10-26,Approved
L5330,C1568,Auto Loan,462530,10.25,240,2025-03-13,Rejected
L5331,C1939,Personal Loan,535369,12.28,48,2025-01-13,Rejected
L5332,C1481,Business Loan,1814520,10.31,60,2024-03-13,Approved
L5333,C1802,Auto Loan,1540740,10.83,60,2024-09-10,Approved
L5334,C1113,Home Loan,1017767,14.53,180,2025-05-30,Approved
L5335,C1892,Home Loan,1909970,14.09,48,2026-01-18,Rejected
L5336,C1896,Personal Loan,774305,9.29,48,2025-07-03,Pending
L5337,C1819,Personal Loan,689665,17.27,120,2024-01-20,Rejected
L5338,C1852,Business Loan,946004,16.85,60,2025-09-16,Approved
L5339,C1476,Business Loan,487486,12.61,84,2025-06-18,Approved
L5340,C1709,Personal Loan,630206,11.7,84,2025-02-24,Rejected
L5341,C1932,Auto Loan,1733073,11.02,84,2025-03-21,Rejected
L5342,C1320,Auto Loan,1491132,14.99,60,2026-05-28,Approved
L5343,C1178,Auto Loan,1626360,14.56,60,2024-05-15,Rejected
L5344,C1896,Personal Loan,734815,8.85,240,2025-05-19,Approved
L5345,C1218,Personal Loan,416590,14.56,180,2026-01-29,Default
L5346,C1788,Personal Loan,219807,9.53,48,2024-10-27,Rejected
L5347,C1948,Business Loan,394702,6.72,120,2025-08-31,Approved
L5348,C1527,Home Loan,3002661,14.89,180,2024-02-02,Approved
L5349,C1491,Home Loan,5350056,14.24,240,2025-10-08,Approved
L5350,C1890,Business Loan,1462886,11.43,60,2026-02-05,Approved
L5351,C1060,Auto Loan,1032234,12.81,36,2024-10-04,Approved
L5352,C1053,Business Loan,858910,17.87,48,2024-05-12,Rejected
L5353,C1679,Home Loan,4063647,13.64,84,2026-01-19,Pending
L5354,C1537,Personal Loan,746314,14.39,60,2025-06-10,Approved
L5355,C1847,Business Loan,369519,7.27,240,2026-02-27,Approved
L5356,C1987,Home Loan,5705779,8.49,36,2024-05-05,Approved
L5357,C1064,Personal Loan,548204,10.11,24,2024-12-10,Approved
L5358,C1611,Personal Loan,306587,12.97,84,2024-01-17,Approved
L5359,C1585,Personal Loan,198112,15.82,120,2026-04-03,Rejected
L5360,C1703,Home Loan,2941924,10.35,60,2025-07-15,Default
L5361,C1170,Business Loan,2519583,10.78,12,2025-10-08,Approved
L5362,C1272,Business Loan,3279674,9.57,36,2025-09-21,Rejected
L5363,C1888,Business Loan,2592056,9.56,36,2025-01-12,Pending
L5364,C1698,Personal Loan,208988,17.89,48,2026-03-28,Approved
L5365,C1534,Home Loan,3411895,14.13,84,2024-02-29,Rejected
L5366,C1390,Personal Loan,89080,8.37,60,2025-09-28,Approved
L5367,C1939,Business Loan,406242,15.17,12,2025-04-11,Approved
L5368,C1692,Home Loan,5823458,15.16,84,2025-09-19,Approved
L5369,C1326,Auto Loan,714080,14.5,240,2025-01-25,Rejected
L5370,C1107,Auto Loan,1277624,8.12,12,2025-11-15,Rejected
L5371,C1846,Home Loan,1727281,11.4,180,2024-07-05,Approved
L5372,C1161,Personal Loan,366855,7.78,180,2025-05-12,Approved
L5373,C1813,Business Loan,467403,16.3,36,2025-08-22,Approved
L5374,C1451,Business Loan,556392,14.36,240,2025-12-15,Pending
L5375,C1205,Personal Loan,70968,12.59,180,2024-12-26,Approved
L5376,C1589,Home Loan,4180145,10.62,36,2026-04-02,Pending
L5377,C1015,Business Loan,1884156,8.71,60,2026-04-11,Approved
L5378,C1326,Personal Loan,391603,7.78,36,2025-03-24,Approved
L5379,C1607,Home Loan,5848386,18.13,60,2025-11-24,Approved
L5380,C1658,Personal Loan,543197,8.9,240,2026-05-13,Approved
L5381,C1001,Home Loan,4571414,7.22,48,2025-11-10,Approved
L5382,C1009,Personal Loan,796470,18.04,84,2024-06-29,Approved
L5383,C1433,Home Loan,2732893,13.09,36,2026-03-22,Approved
L5384,C1124,Personal Loan,203329,16.06,36,2024-05-09,Approved
L5385,C1080,Home Loan,1949164,7.03,60,2024-05-28,Approved
L5386,C1484,Business Loan,3811228,13.3,180,2025-04-16,Approved
L5387,C1651,Education Loan,877110,11.28,180,2026-03-28,Rejected
L5388,C1837,Business Loan,1872762,15.76,36,2025-12-21,Rejected
L5389,C1149,Auto Loan,1562392,6.96,180,2025-09-14,Default
L5390,C1799,Personal Loan,782943,11.32,180,2025-05-14,Approved
L5391,C1872,Personal Loan,562552,16.09,36,2025-10-10,Approved
L5392,C1339,Business Loan,3729985,12.77,24,2024-12-20,Approved
L5393,C1128,Home Loan,2111414,13.1,24,2024-07-29,Approved
L5394,C1437,Personal Loan,65588,7.67,240,2025-10-19,Rejected
L5395,C1750,Auto Loan,917116,8.09,120,2025-08-18,Approved
L5396,C1500,Personal Loan,507301,14.62,84,2024-01-30,Approved
L5397,C1057,Personal Loan,295456,14.6,120,2025-07-30,Approved
L5398,C1197,Business Loan,3510101,18.25,180,2024-01-24,Default
L5399,C1210,Business Loan,830992,15.04,12,2025-12-23,Default
L5400,C1913,Home Loan,847361,12.42,180,2024-08-09,Approved
L5401,C1901,Business Loan,3242431,16.79,36,2025-08-24,Approved
L5402,C1044,Auto Loan,342513,7.75,36,2025-09-09,Pending
L5403,C1096,Education Loan,114677,11.89,84,2025-11-14,Default
L5404,C1278,Personal Loan,314012,9.95,48,2026-01-11,Approved
L5405,C1534,Personal Loan,657879,7.76,48,2025-08-11,Approved
L5406,C1409,Auto Loan,1577984,15.66,48,2025-08-02,Default
L5407,C1460,Business Loan,1946032,12.63,240,2026-05-26,Rejected
L5408,C1390,Auto Loan,271939,13.18,180,2025-02-04,Approved
L5409,C1846,Personal Loan,327876,11.44,36,2026-05-14,Approved
L5410,C1043,Personal Loan,461742,12.02,12,2025-08-26,Default
L5411,C1026,Business Loan,2144348,7.89,12,2025-05-26,Pending
L5412,C1793,Personal Loan,410701,14.58,12,2024-03-28,Rejected
L5413,C1096,Home Loan,2392023,11.69,48,2025-04-09,Rejected
L5414,C1974,Personal Loan,172366,16.3,84,2024-02-19,Approved
L5415,C1547,Personal Loan,246164,8.86,48,2024-04-12,Pending
L5416,C1620,Auto Loan,992644,8.96,36,2025-01-02,Approved
L5417,C1566,Auto Loan,1739152,14.25,180,2025-05-06,Default
L5418,C1703,Personal Loan,442776,16.65,180,2025-07-11,Approved
L5419,C1218,Personal Loan,389205,12.17,84,2025-11-21,Pending
L5420,C1184,Education Loan,456440,15.22,240,2026-02-17,Approved
L5421,C1068,Personal Loan,798353,18.49,12,2024-09-24,Approved
L5422,C1828,Home Loan,5529124,18.38,180,2025-01-31,Approved
L5423,C1129,Business Loan,2607278,15.43,84,2024-11-15,Rejected
L5424,C1566,Personal Loan,266351,15.38,12,2025-06-03,Pending
L5425,C1889,Business Loan,3774412,9.47,48,2025-03-24,Rejected
L5426,C1608,Personal Loan,153021,16.5,60,2026-02-15,Approved
L5427,C1847,Auto Loan,989703,11.36,120,2025-04-20,Approved
L5428,C1598,Home Loan,2811562,18.04,180,2026-06-16,Default
L5429,C1805,Business Loan,300209,7.48,240,2025-08-12,Rejected
L5430,C1630,Personal Loan,272071,11.73,84,2024-08-27,Rejected
L5431,C1719,Home Loan,4606627,13.17,240,2024-09-14,Rejected
L5432,C1333,Business Loan,3429497,11.36,48,2025-12-08,Rejected
L5433,C1924,Home Loan,3703561,9.03,180,2026-04-21,Approved
L5434,C1153,Home Loan,3258884,13.62,36,2025-10-04,Rejected
L5435,C1546,Personal Loan,380828,15.57,48,2025-01-24,Rejected
L5436,C1078,Auto Loan,1478720,14.24,48,2024-12-08,Pending
L5437,C1578,Personal Loan,317751,9.31,84,2026-02-11,Pending
L5438,C1854,Personal Loan,266194,15.28,240,2026-01-23,Approved
L5439,C1412,Auto Loan,556930,9.58,84,2025-01-21,Approved
L5440,C1545,Personal Loan,438550,8.6,12,2025-01-28,Approved
L5441,C1608,Business Loan,2580163,14.79,60,2025-11-13,Approved
L5442,C1168,Business Loan,3071106,16.61,240,2025-10-20,Approved
L5443,C1680,Auto Loan,1700174,12.28,60,2024-09-26,Pending
L5444,C1662,Education Loan,107399,12.88,84,2024-05-28,Approved
L5445,C1582,Auto Loan,1762818,10.13,36,2025-01-14,Approved
L5446,C1514,Personal Loan,701100,12.44,180,2026-03-21,Pending
L5447,C1313,Education Loan,1042621,8.08,48,2024-01-28,Pending
L5448,C1031,Personal Loan,148662,17.97,48,2024-05-28,Approved
L5449,C1286,Personal Loan,345761,16.1,60,2025-02-23,Rejected
L5450,C1593,Education Loan,762858,14.52,240,2024-10-06,Approved
L5451,C1042,Home Loan,5766896,12.96,180,2024-06-30,Approved
L5452,C1902,Business Loan,3313435,16.01,120,2024-06-14,Approved
L5453,C1616,Personal Loan,423221,12.44,60,2024-01-17,Approved
L5454,C1000,Auto Loan,1234023,10.1,240,2024-05-29,Approved
L5455,C1572,Personal Loan,443545,8.42,240,2024-12-04,Default
L5456,C1269,Auto Loan,500763,14.27,24,2024-02-14,Rejected
L5457,C1179,Education Loan,1155608,17.65,48,2025-05-16,Approved
L5458,C1735,Auto Loan,1548754,8.34,180,2026-04-21,Approved
L5459,C1517,Personal Loan,676946,8.66,12,2024-07-07,Approved
L5460,C1102,Personal Loan,565882,11.7,60,2025-10-12,Rejected
L5461,C1009,Personal Loan,629552,16.18,180,2024-03-01,Pending
L5462,C1582,Auto Loan,247850,10.03,24,2024-10-20,Approved
L5463,C1089,Business Loan,1877586,9.55,24,2026-04-13,Approved
L5464,C1225,Personal Loan,329916,13.94,180,2024-02-02,Rejected
L5465,C1669,Education Loan,448249,12.93,240,2024-10-25,Approved
L5466,C1739,Business Loan,734895,7.22,120,2025-02-18,Approved
L5467,C1916,Home Loan,1786275,7.48,180,2025-09-15,Rejected
L5468,C1125,Auto Loan,204576,14.22,60,2026-03-13,Approved
L5469,C1955,Education Loan,534848,12.08,12,2025-07-02,Approved
L5470,C1208,Personal Loan,615764,18.15,48,2025-03-06,Approved
L5471,C1096,Personal Loan,298292,14.64,24,2025-05-09,Approved
L5472,C1073,Personal Loan,473501,6.62,36,2024-04-09,Pending
L5473,C1626,Business Loan,1110586,12.27,36,2024-01-23,Default
L5474,C1190,Business Loan,3858998,11.47,240,2025-02-23,Pending
L5475,C1681,Education Loan,114439,7.78,48,2025-02-27,Rejected
L5476,C1818,Personal Loan,430355,17.58,24,2025-05-01,Approved
L5477,C1959,Home Loan,4514534,16.16,36,2025-12-30,Rejected
L5478,C1715,Personal Loan,269123,9.26,36,2024-03-29,Default
L5479,C1055,Personal Loan,601250,9.57,120,2024-07-27,Approved
L5480,C1719,Auto Loan,963445,6.88,180,2024-09-27,Approved
L5481,C1552,Business Loan,1648483,10.06,84,2026-01-18,Rejected
L5482,C1031,Business Loan,416189,13.52,48,2026-06-18,Rejected
L5483,C1526,Auto Loan,1358866,11.55,84,2025-02-09,Approved
L5484,C1573,Personal Loan,173980,18.13,12,2025-12-21,Approved
L5485,C1666,Personal Loan,277021,7.17,180,2024-10-04,Rejected
L5486,C1283,Personal Loan,738630,13.6,12,2024-07-24,Approved
L5487,C1720,Education Loan,1190875,16.8,60,2025-08-12,Rejected
L5488,C1831,Education Loan,841165,12.27,24,2024-11-23,Approved
L5489,C1493,Home Loan,831541,6.54,84,2025-09-01,Default
L5490,C1186,Home Loan,1275759,9.41,240,2026-05-07,Approved
L5491,C1497,Personal Loan,797358,10.39,60,2026-05-26,Approved
L5492,C1441,Personal Loan,179188,18.09,48,2026-05-11,Approved
L5493,C1129,Home Loan,1008150,17.44,24,2024-12-01,Approved
L5494,C1638,Personal Loan,526186,17.89,36,2025-08-28,Rejected
L5495,C1291,Home Loan,2658777,16.41,84,2025-08-14,Approved
L5496,C1113,Business Loan,2616225,10.72,180,2024-02-07,Approved
L5497,C1198,Auto Loan,680620,17.37,180,2024-08-15,Approved
L5498,C1012,Personal Loan,594444,18.28,60,2025-04-27,Pending
L5499,C1270,Personal Loan,791196,10.7,60,2024-05-13,Rejected
L5500,C1600,Home Loan,5663099,9.63,36,2025-12-08,Approved
L5501,C1214,Home Loan,5719314,13.06,120,2025-01-24,Rejected
L5502,C1443,Home Loan,1922207,8.75,84,2026-03-04,Pending
L5503,C1789,Home Loan,1624341,6.89,12,2025-09-04,Rejected
L5504,C1511,Auto Loan,793775,17.85,48,2025-02-28,Approved
L5505,C1446,Education Loan,1038972,17.61,84,2025-08-09,Rejected
L5506,C1985,Personal Loan,535825,8.45,84,2026-03-16,Approved
L5507,C1992,Education Loan,409799,11.39,36,2025-05-24,Approved
L5508,C1714,Personal Loan,477557,16.47,84,2025-12-20,Approved
L5509,C1073,Personal Loan,769542,14.43,84,2025-08-17,Approved
L5510,C1536,Auto Loan,1300362,11.24,240,2025-03-02,Approved
L5511,C1100,Auto Loan,268304,15.43,240,2025-10-16,Default
L5512,C1175,Business Loan,665750,17.26,24,2025-04-18,Approved
L5513,C1426,Auto Loan,1426162,17.61,48,2025-07-21,Approved
L5514,C1116,Business Loan,1993802,11.05,240,2024-12-26,Approved
L5515,C1165,Business Loan,3872923,8.58,48,2026-03-09,Approved
L5516,C1040,Auto Loan,684103,17.45,180,2024-07-29,Approved
L5517,C1428,Home Loan,2952259,7.61,36,2024-06-27,Approved
L5518,C1343,Auto Loan,722058,15.16,36,2024-02-27,Approved
L5519,C1423,Business Loan,3690919,8.19,240,2024-03-13,Approved
L5520,C1365,Education Loan,450041,11.17,180,2024-08-02,Approved
L5521,C1119,Personal Loan,122577,11.44,12,2026-06-18,Approved
L5522,C1608,Education Loan,839663,8.41,24,2026-02-16,Rejected
L5523,C1656,Personal Loan,454062,17.57,36,2024-03-13,Rejected
L5524,C1727,Home Loan,5255237,6.53,24,2025-04-11,Approved
L5525,C1228,Personal Loan,678468,17.23,36,2024-09-27,Approved
L5526,C1824,Auto Loan,482068,17.11,180,2025-05-13,Approved
L5527,C1129,Business Loan,3819065,10.3,84,2024-12-19,Default
L5528,C1351,Personal Loan,719242,14.95,120,2024-08-21,Approved
L5529,C1888,Personal Loan,785634,9.53,84,2024-11-14,Approved
L5530,C1317,Personal Loan,51095,15.61,12,2024-01-19,Approved
L5531,C1983,Auto Loan,566349,13.23,36,2025-09-16,Approved
L5532,C1648,Personal Loan,746343,10.1,12,2025-07-28,Approved
L5533,C1835,Personal Loan,588411,11.3,240,2025-01-06,Rejected
L5534,C1336,Personal Loan,536884,14.78,240,2024-07-02,Approved
L5535,C1272,Home Loan,3619127,17.37,60,2024-10-03,Default
L5536,C1116,Personal Loan,538409,8.07,48,2025-11-04,Approved
L5537,C1817,Education Loan,931710,13.36,240,2026-01-24,Approved
L5538,C1367,Personal Loan,101999,9.54,240,2024-05-24,Default
L5539,C1093,Auto Loan,1529064,16.12,36,2025-10-19,Pending
L5540,C1167,Personal Loan,611944,7.34,60,2024-03-21,Approved
L5541,C1953,Home Loan,1063356,14.77,36,2024-11-17,Approved
L5542,C1714,Personal Loan,694673,8.6,24,2025-03-10,Pending
L5543,C1340,Auto Loan,340073,13.66,12,2026-04-12,Approved
L5544,C1660,Business Loan,1427360,16.53,24,2024-02-12,Approved
L5545,C1913,Business Loan,3282307,15.56,180,2024-11-08,Pending
L5546,C1694,Auto Loan,543288,15.54,180,2024-10-19,Approved
L5547,C1924,Home Loan,2802507,12.71,36,2025-11-18,Approved
L5548,C1151,Education Loan,655656,17.19,120,2026-06-06,Approved
L5549,C1585,Auto Loan,1309736,13.56,120,2024-03-09,Approved
L5550,C1876,Personal Loan,731214,17.51,24,2024-02-25,Pending
L5551,C1912,Education Loan,372859,13.06,240,2025-09-22,Approved
L5552,C1273,Home Loan,5577376,12.57,36,2024-07-22,Pending
L5553,C1553,Personal Loan,441337,9.17,24,2025-02-23,Approved
L5554,C1495,Personal Loan,411788,13.04,36,2025-07-20,Approved
L5555,C1723,Personal Loan,76797,8.19,24,2025-07-03,Approved
L5556,C1100,Home Loan,2158293,16.94,180,2024-08-30,Rejected
L5557,C1556,Personal Loan,589068,14.61,60,2024-07-19,Default
L5558,C1081,Personal Loan,612193,18.42,36,2026-01-17,Approved
L5559,C1528,Personal Loan,690337,7.61,60,2025-04-18,Approved
L5560,C1072,Auto Loan,853939,9.39,180,2025-06-10,Approved
L5561,C1013,Education Loan,428206,17.03,120,2025-10-17,Rejected
L5562,C1432,Personal Loan,647679,11.24,84,2024-03-17,Approved
L5563,C1156,Personal Loan,355607,12.1,12,2025-04-22,Rejected
L5564,C1734,Personal Loan,149596,16.83,12,2026-03-31,Approved
L5565,C1131,Business Loan,3278602,12.76,12,2025-03-15,Approved
L5566,C1337,Home Loan,2651579,8.82,180,2024-09-19,Approved
L5567,C1403,Home Loan,1474502,17.2,180,2024-07-03,Approved
L5568,C1375,Personal Loan,58625,6.87,120,2024-02-24,Rejected
L5569,C1887,Auto Loan,1549919,17.24,84,2024-11-03,Rejected
L5570,C1558,Home Loan,4328597,7.11,48,2025-05-30,Approved
L5571,C1106,Personal Loan,459142,14.49,12,2024-10-25,Approved
L5572,C1619,Personal Loan,343362,7.36,240,2025-07-05,Approved
L5573,C1264,Home Loan,1971758,14.97,12,2024-08-17,Pending
L5574,C1204,Business Loan,3990582,6.91,48,2025-01-11,Approved
L5575,C1078,Business Loan,1381781,16.61,36,2024-10-12,Approved
L5576,C1154,Auto Loan,1357660,12.09,120,2024-05-17,Approved
L5577,C1782,Auto Loan,229717,7.62,60,2025-04-22,Approved
L5578,C1987,Personal Loan,755344,14.98,60,2025-09-06,Approved
L5579,C1996,Auto Loan,1093724,12.37,48,2024-01-07,Approved
L5580,C1246,Auto Loan,1142639,8.79,12,2025-11-06,Approved
L5581,C1530,Personal Loan,733524,6.69,60,2025-02-22,Rejected
L5582,C1857,Business Loan,1291993,11.52,48,2025-04-16,Approved
L5583,C1947,Personal Loan,350706,7.53,180,2025-02-23,Approved
L5584,C1537,Personal Loan,512326,7.63,24,2026-05-26,Rejected
L5585,C1728,Auto Loan,220169,9.71,180,2024-10-02,Approved
L5586,C1153,Auto Loan,1177362,14.07,12,2025-07-14,Rejected
L5587,C1153,Auto Loan,1008036,12.86,48,2025-08-30,Approved
L5588,C1685,Personal Loan,401814,7.33,36,2025-07-24,Approved
L5589,C1091,Business Loan,2773901,18.12,60,2026-01-12,Approved
L5590,C1432,Home Loan,4296610,17.15,60,2025-11-19,Approved
L5591,C1337,Home Loan,3549580,9.61,60,2024-03-30,Pending
L5592,C1479,Business Loan,402537,7.97,48,2024-10-08,Approved
L5593,C1692,Education Loan,735589,17.81,180,2025-07-01,Approved
L5594,C1130,Personal Loan,320151,12.03,36,2024-06-19,Approved
L5595,C1449,Education Loan,1001347,10.23,48,2025-09-29,Approved
L5596,C1992,Personal Loan,281704,12.38,12,2026-03-21,Approved
L5597,C1809,Personal Loan,167419,15.77,120,2024-12-20,Approved
L5598,C1786,Home Loan,3650310,8.52,12,2024-07-22,Approved
L5599,C1272,Business Loan,1092214,15.71,24,2024-10-15,Pending
L5600,C1928,Personal Loan,641058,15.49,120,2026-05-17,Approved
L5601,C1587,Auto Loan,1479372,12.97,12,2025-04-06,Rejected
L5602,C1176,Personal Loan,591440,16.89,36,2025-08-31,Pending
L5603,C1695,Auto Loan,1772730,8.09,84,2026-01-19,Approved
L5604,C1830,Home Loan,1248402,13.65,84,2024-06-21,Pending
L5605,C1642,Auto Loan,552699,11.89,84,2024-10-27,Rejected
L5606,C1874,Personal Loan,266096,11.57,24,2025-08-22,Approved
L5607,C1048,Education Loan,858019,9.53,24,2026-05-12,Default
L5608,C1566,Business Loan,581833,10.97,84,2025-06-12,Approved
L5609,C1665,Auto Loan,1735834,7.8,60,2024-05-19,Approved
L5610,C1354,Home Loan,3242547,9.52,120,2026-02-04,Rejected
L5611,C1711,Business Loan,1536968,9.76,120,2024-10-04,Approved
L5612,C1307,Personal Loan,761451,15.15,60,2025-10-24,Approved
L5613,C1867,Auto Loan,1617285,7.08,180,2025-05-25,Approved
L5614,C1884,Business Loan,1821093,14.31,84,2024-12-11,Rejected
L5615,C1629,Personal Loan,88712,9.16,60,2026-04-25,Rejected
L5616,C1774,Home Loan,5775979,7.48,48,2024-05-19,Approved
L5617,C1045,Personal Loan,286502,10.11,120,2024-04-23,Default
L5618,C1301,Auto Loan,1444925,9.19,48,2025-08-02,Approved
L5619,C1867,Auto Loan,1560352,13.12,60,2025-05-21,Approved
L5620,C1911,Personal Loan,594766,10.79,60,2024-12-31,Rejected
L5621,C1407,Home Loan,822551,18.09,12,2025-11-21,Rejected
L5622,C1188,Personal Loan,98068,18.06,12,2025-09-28,Approved
L5623,C1821,Home Loan,893608,11.82,36,2025-01-31,Approved
L5624,C1829,Personal Loan,609849,16.04,36,2026-04-04,Pending
L5625,C1128,Business Loan,3579692,6.66,24,2026-04-02,Default
L5626,C1560,Personal Loan,336539,13.07,24,2026-04-29,Rejected
L5627,C1536,Business Loan,1891620,15.42,84,2026-05-24,Approved
L5628,C1265,Auto Loan,447652,9.1,12,2026-05-19,Default
L5629,C1117,Personal Loan,301227,7.23,84,2026-01-14,Pending
L5630,C1463,Auto Loan,528477,8.37,60,2025-10-20,Approved
L5631,C1143,Home Loan,3364113,11.8,84,2024-04-20,Pending
L5632,C1441,Home Loan,5494059,12.58,60,2026-05-24,Pending
L5633,C1199,Personal Loan,754666,11.07,120,2024-12-23,Default
L5634,C1156,Home Loan,4845721,11.78,12,2024-08-25,Pending
L5635,C1486,Personal Loan,561984,12.14,36,2024-01-03,Rejected
L5636,C1859,Personal Loan,484034,15.73,84,2025-12-23,Approved
L5637,C1133,Home Loan,3889809,7.76,12,2025-02-07,Approved
L5638,C1911,Personal Loan,529456,15.73,120,2024-01-25,Rejected
L5639,C1147,Personal Loan,177192,14.76,48,2026-04-22,Rejected
L5640,C1335,Personal Loan,379572,15.4,36,2025-05-23,Default
L5641,C1070,Personal Loan,375499,15.31,240,2025-11-26,Approved
L5642,C1232,Personal Loan,501457,12.15,12,2025-04-09,Approved
L5643,C1333,Business Loan,762176,9.04,180,2024-03-01,Approved
L5644,C1810,Personal Loan,288826,12.94,12,2025-05-22,Rejected
L5645,C1665,Auto Loan,950782,18.0,60,2024-05-02,Rejected
L5646,C1089,Personal Loan,531809,13.56,180,2025-05-11,Approved
L5647,C1333,Business Loan,1534832,6.63,84,2024-02-24,Approved
L5648,C1198,Personal Loan,222905,7.22,120,2024-06-11,Approved
L5649,C1160,Business Loan,693781,18.41,180,2025-11-29,Approved
L5650,C1537,Auto Loan,1266978,7.36,84,2024-02-08,Rejected
L5651,C1120,Personal Loan,223917,7.05,84,2025-11-27,Approved
L5652,C1300,Business Loan,3458562,10.74,84,2024-03-23,Approved
L5653,C1723,Home Loan,3489290,18.13,60,2025-12-07,Approved
L5654,C1574,Personal Loan,87180,10.32,180,2025-06-29,Approved
L5655,C1962,Education Loan,733976,11.42,24,2024-04-22,Rejected
L5656,C1435,Business Loan,3652387,14.11,120,2025-02-28,Approved
L5657,C1067,Home Loan,4743855,6.79,48,2024-08-17,Pending
L5658,C1764,Personal Loan,177135,17.27,12,2024-10-09,Approved
L5659,C1921,Education Loan,254195,12.73,60,2024-10-13,Approved
L5660,C1458,Auto Loan,797726,12.1,36,2024-06-03,Approved
L5661,C1513,Business Loan,935779,16.83,48,2024-06-13,Rejected
L5662,C1397,Auto Loan,722741,17.94,120,2024-06-30,Approved
L5663,C1619,Personal Loan,460789,11.58,60,2024-08-26,Pending
L5664,C1285,Business Loan,657054,8.57,48,2025-10-10,Approved
L5665,C1560,Personal Loan,106494,16.29,12,2024-12-04,Approved
L5666,C1139,Personal Loan,455504,11.34,84,2025-05-26,Rejected
L5667,C1729,Home Loan,2681986,17.73,84,2024-09-22,Default
L5668,C1555,Auto Loan,1189924,17.9,120,2024-07-05,Approved
L5669,C1928,Personal Loan,429989,7.88,12,2024-02-09,Approved
L5670,C1780,Education Loan,831455,17.98,48,2026-04-01,Approved
L5671,C1589,Home Loan,1903248,10.92,240,2025-05-07,Approved
L5672,C1727,Home Loan,2434685,14.26,84,2025-11-09,Default
L5673,C1893,Education Loan,169224,6.92,24,2025-01-25,Approved
L5674,C1609,Home Loan,1829922,17.17,48,2024-09-16,Approved
L5675,C1747,Personal Loan,284745,14.2,84,2025-10-16,Default
L5676,C1281,Personal Loan,104796,14.22,48,2025-12-16,Pending
L5677,C1660,Business Loan,3883650,17.33,120,2024-06-24,Approved
L5678,C1923,Personal Loan,702842,12.6,36,2026-02-12,Pending
L5679,C1815,Home Loan,3163319,11.43,84,2026-02-02,Approved
L5680,C1995,Home Loan,2618222,16.89,48,2024-11-24,Approved
L5681,C1935,Home Loan,3635148,15.41,36,2024-07-18,Pending
L5682,C1577,Personal Loan,217807,17.89,36,2025-12-11,Approved
L5683,C1745,Home Loan,1363506,17.78,24,2024-07-14,Approved
L5684,C1456,Home Loan,5924021,11.09,36,2026-04-05,Approved
L5685,C1086,Business Loan,3940463,11.86,12,2025-08-11,Rejected
L5686,C1078,Personal Loan,565729,9.57,36,2025-06-14,Approved
L5687,C1204,Home Loan,3712044,14.43,240,2024-03-02,Approved
L5688,C1790,Home Loan,5845416,10.87,48,2024-11-22,Rejected
L5689,C1336,Home Loan,2883805,15.93,36,2024-10-07,Approved
L5690,C1253,Auto Loan,1279593,7.96,180,2026-01-31,Rejected
L5691,C1303,Personal Loan,404182,7.9,12,2024-08-14,Pending
L5692,C1379,Personal Loan,593803,8.95,60,2025-09-30,Approved
L5693,C1129,Auto Loan,1671783,7.51,12,2024-02-27,Approved
L5694,C1595,Home Loan,3298002,13.94,120,2025-04-21,Approved
L5695,C1275,Home Loan,2842532,8.27,60,2025-01-10,Approved
L5696,C1698,Personal Loan,575679,8.42,24,2025-12-16,Pending
L5697,C1557,Personal Loan,770566,6.67,12,2024-08-30,Approved
L5698,C1898,Personal Loan,683676,15.89,120,2025-01-01,Approved
L5699,C1182,Personal Loan,354359,16.25,12,2026-04-23,Approved
L5700,C1267,Auto Loan,804008,8.44,36,2025-05-14,Approved
L5701,C1807,Business Loan,589258,15.37,84,2026-04-17,Approved
L5702,C1321,Personal Loan,717242,11.7,84,2024-09-08,Pending
L5703,C1511,Personal Loan,722633,9.38,120,2024-11-17,Approved
L5704,C1611,Personal Loan,418350,13.96,12,2025-01-10,Rejected
L5705,C1077,Home Loan,4515663,8.64,120,2025-02-12,Approved
L5706,C1783,Personal Loan,525881,15.58,24,2025-12-11,Approved
L5707,C1338,Business Loan,2068828,7.07,84,2025-05-02,Approved
L5708,C1673,Auto Loan,766967,18.01,180,2024-12-08,Rejected
L5709,C1555,Business Loan,1611147,7.36,60,2024-08-27,Approved
L5710,C1508,Business Loan,2987707,13.45,36,2024-05-18,Approved
L5711,C1237,Home Loan,2897951,17.33,180,2024-05-01,Approved
L5712,C1133,Home Loan,2336201,6.64,180,2025-02-23,Rejected
L5713,C1972,Personal Loan,581313,12.48,48,2025-07-14,Approved
L5714,C1191,Home Loan,1338769,10.7,180,2024-10-30,Approved
L5715,C1355,Business Loan,587555,13.46,60,2024-04-24,Pending
L5716,C1277,Personal Loan,680216,9.21,60,2024-12-08,Pending
L5717,C1017,Business Loan,3044454,7.28,36,2024-09-07,Approved
L5718,C1523,Personal Loan,458177,14.01,120,2024-01-07,Approved
L5719,C1179,Business Loan,1763559,11.5,240,2025-12-31,Approved
L5720,C1122,Business Loan,814111,13.97,240,2025-08-11,Rejected
L5721,C1245,Auto Loan,1300266,9.03,12,2024-06-27,Pending
L5722,C1733,Auto Loan,777158,10.56,12,2024-05-24,Approved
L5723,C1372,Home Loan,3921192,13.24,60,2025-02-19,Rejected
L5724,C1050,Business Loan,3088647,13.62,12,2025-10-27,Approved
L5725,C1999,Business Loan,2330594,10.97,48,2024-04-30,Approved
L5726,C1070,Education Loan,186928,9.86,12,2024-05-03,Rejected
L5727,C1479,Auto Loan,1770497,9.78,24,2024-05-29,Default
L5728,C1559,Auto Loan,934158,8.6,24,2025-01-31,Approved
L5729,C1018,Business Loan,2992205,10.4,48,2025-01-15,Approved
L5730,C1773,Home Loan,1605231,8.89,180,2026-02-18,Approved
L5731,C1083,Education Loan,754229,14.11,24,2026-04-18,Default
L5732,C1154,Home Loan,3969283,13.33,240,2024-01-01,Rejected
L5733,C1564,Personal Loan,439363,11.09,240,2025-11-03,Approved
L5734,C1618,Home Loan,3279129,10.41,24,2024-08-31,Approved
L5735,C1356,Home Loan,1655434,9.35,12,2026-06-05,Pending
L5736,C1815,Personal Loan,358697,12.93,240,2025-02-01,Pending
L5737,C1646,Personal Loan,315232,17.53,24,2024-09-07,Rejected
L5738,C1442,Home Loan,4515799,14.73,180,2026-05-28,Approved
L5739,C1068,Personal Loan,575403,15.43,36,2025-07-29,Approved
L5740,C1522,Personal Loan,773486,16.51,12,2024-10-25,Approved
L5741,C1142,Education Loan,172908,10.72,12,2026-01-29,Rejected
L5742,C1191,Business Loan,1941973,7.25,24,2024-10-23,Approved
L5743,C1386,Auto Loan,571087,13.97,120,2025-05-14,Rejected
L5744,C1377,Business Loan,309422,8.76,84,2024-04-24,Approved
L5745,C1580,Auto Loan,374698,13.33,24,2026-03-17,Rejected
L5746,C1534,Personal Loan,663521,15.37,48,2024-01-01,Approved
L5747,C1692,Auto Loan,1042606,15.9,24,2025-07-06,Approved
L5748,C1292,Auto Loan,1738148,10.12,12,2025-11-15,Approved
L5749,C1008,Home Loan,4671549,12.65,36,2025-08-22,Approved
L5750,C1270,Personal Loan,500415,13.95,48,2025-04-26,Approved
L5751,C1386,Auto Loan,1641008,16.33,60,2025-09-01,Pending
L5752,C1092,Personal Loan,703288,15.64,60,2025-08-22,Approved
L5753,C1965,Auto Loan,1633498,18.36,120,2026-02-01,Approved
L5754,C1528,Personal Loan,603718,6.6,180,2025-05-24,Approved
L5755,C1153,Auto Loan,228834,11.75,240,2024-11-30,Approved
L5756,C1404,Home Loan,1348723,9.57,120,2025-04-09,Approved
L5757,C1839,Personal Loan,137212,7.94,60,2024-05-20,Approved
L5758,C1148,Home Loan,2428661,17.44,240,2025-08-05,Approved
L5759,C1888,Auto Loan,636770,18.48,180,2024-05-16,Approved
L5760,C1266,Business Loan,878843,8.67,240,2025-09-02,Rejected
L5761,C1421,Business Loan,385350,6.96,180,2025-10-24,Approved
L5762,C1839,Home Loan,5009020,9.8,84,2025-11-17,Approved
L5763,C1617,Auto Loan,1308837,16.52,48,2024-06-15,Approved
L5764,C1471,Personal Loan,596702,10.03,240,2024-12-08,Pending
L5765,C1892,Personal Loan,719204,7.18,240,2025-02-13,Rejected
L5766,C1546,Personal Loan,742019,7.13,240,2026-02-07,Rejected
L5767,C1630,Auto Loan,1264098,11.63,36,2026-01-05,Approved
L5768,C1525,Personal Loan,548665,17.68,36,2026-05-29,Pending
L5769,C1502,Personal Loan,441776,9.93,84,2026-04-21,Approved
L5770,C1013,Auto Loan,529782,11.63,84,2024-03-05,Approved
L5771,C1777,Auto Loan,1087766,7.72,84,2025-08-03,Approved
L5772,C1651,Home Loan,2512460,12.42,60,2024-03-07,Approved
L5773,C1805,Personal Loan,605134,14.86,60,2025-03-08,Default
L5774,C1363,Home Loan,5854379,9.75,24,2024-02-19,Approved
L5775,C1118,Home Loan,4947036,10.06,120,2024-11-09,Default
L5776,C1237,Auto Loan,1535119,16.6,48,2024-11-04,Rejected
L5777,C1545,Personal Loan,780520,6.62,36,2025-08-25,Approved
L5778,C1168,Auto Loan,423734,14.14,180,2024-04-24,Approved
L5779,C1521,Business Loan,1348278,11.23,48,2026-06-04,Approved
L5780,C1633,Personal Loan,794027,10.08,48,2025-07-22,Default
L5781,C1912,Business Loan,423182,14.39,180,2024-12-07,Approved
L5782,C1656,Home Loan,5042895,16.52,12,2025-06-13,Rejected
L5783,C1962,Personal Loan,201786,13.2,240,2026-02-22,Default
L5784,C1957,Home Loan,4243749,6.87,120,2025-10-03,Approved
L5785,C1734,Personal Loan,134106,12.04,24,2025-05-09,Approved
L5786,C1882,Personal Loan,652306,12.05,84,2024-09-25,Rejected
L5787,C1768,Home Loan,3259150,13.03,180,2024-03-20,Approved
L5788,C1779,Education Loan,264486,14.55,60,2025-03-31,Approved
L5789,C1870,Business Loan,1993696,6.73,84,2024-10-25,Approved
L5790,C1515,Auto Loan,810864,12.52,180,2026-04-01,Approved
L5791,C1937,Personal Loan,784303,13.56,84,2024-07-20,Rejected
L5792,C1396,Auto Loan,935062,10.62,240,2025-05-17,Approved
L5793,C1865,Auto Loan,927468,14.52,240,2026-01-06,Default
L5794,C1105,Education Loan,192508,9.24,240,2025-11-01,Approved
L5795,C1084,Education Loan,818693,10.31,84,2025-12-16,Approved
L5796,C1213,Business Loan,1915328,18.05,240,2025-10-10,Approved
L5797,C1120,Home Loan,3796038,10.68,36,2025-04-29,Approved
L5798,C1131,Auto Loan,878283,10.66,60,2025-08-07,Approved
L5799,C1849,Personal Loan,166062,13.65,24,2025-07-13,Rejected
L5800,C1196,Business Loan,3376511,18.15,180,2024-01-18,Pending
L5801,C1018,Personal Loan,422598,18.3,48,2025-04-22,Approved
L5802,C1641,Personal Loan,672672,13.46,84,2025-05-02,Approved
L5803,C1011,Personal Loan,772979,6.51,84,2026-02-17,Approved
L5804,C1080,Education Loan,801506,17.31,60,2025-03-21,Approved
L5805,C1329,Home Loan,2224241,13.34,12,2024-12-05,Rejected
L5806,C1865,Home Loan,1702810,10.89,120,2025-06-14,Pending
L5807,C1773,Business Loan,2938580,16.45,180,2025-09-03,Approved
L5808,C1391,Business Loan,564814,11.3,12,2024-04-25,Default
L5809,C1636,Personal Loan,348663,6.91,120,2026-05-07,Approved
L5810,C1306,Personal Loan,618800,16.35,48,2024-03-14,Rejected
L5811,C1266,Business Loan,1275315,13.05,84,2026-03-02,Approved
L5812,C1446,Business Loan,2500717,10.56,240,2024-09-25,Approved
L5813,C1440,Home Loan,5180268,9.51,60,2025-09-28,Approved
L5814,C1894,Auto Loan,1798459,13.63,180,2024-04-25,Approved
L5815,C1651,Personal Loan,238279,9.0,60,2025-11-16,Rejected
L5816,C1840,Education Loan,1146094,10.39,24,2025-11-23,Rejected
L5817,C1001,Auto Loan,1495237,14.14,48,2026-01-07,Approved
L5818,C1519,Home Loan,4216502,17.08,24,2025-10-30,Pending
L5819,C1761,Personal Loan,474466,12.89,120,2024-06-12,Approved
L5820,C1650,Business Loan,3706028,15.61,120,2025-08-05,Rejected
L5821,C1635,Auto Loan,1488220,15.66,36,2024-08-09,Approved
L5822,C1308,Personal Loan,782878,14.47,120,2024-05-05,Approved
L5823,C1739,Auto Loan,1322767,9.45,12,2025-10-18,Approved
L5824,C1521,Auto Loan,1201622,16.9,12,2024-06-24,Approved
L5825,C1468,Home Loan,4046319,11.74,240,2025-10-25,Rejected
L5826,C1211,Auto Loan,1752053,7.03,84,2025-11-24,Approved
L5827,C1111,Auto Loan,466152,9.44,60,2025-01-09,Approved
L5828,C1007,Business Loan,3883408,15.69,84,2026-05-08,Approved
L5829,C1803,Personal Loan,419552,7.33,84,2025-05-12,Rejected
L5830,C1476,Personal Loan,312640,8.27,12,2024-03-25,Rejected
L5831,C1873,Personal Loan,411911,14.83,60,2026-05-25,Approved
L5832,C1459,Auto Loan,1246251,17.21,240,2025-01-17,Approved
L5833,C1252,Auto Loan,485356,14.1,48,2025-09-24,Rejected
L5834,C1525,Business Loan,3228811,9.17,36,2025-10-02,Approved
L5835,C1751,Education Loan,1006185,7.14,12,2025-04-07,Approved
L5836,C1437,Home Loan,1968694,13.88,24,2025-03-26,Approved
L5837,C1753,Business Loan,2087282,7.07,36,2025-06-01,Approved
L5838,C1980,Personal Loan,322028,13.85,48,2026-04-25,Approved
L5839,C1853,Business Loan,416481,9.21,120,2025-11-25,Rejected
L5840,C1660,Home Loan,5062563,17.36,84,2025-07-03,Approved
L5841,C1235,Auto Loan,249810,12.2,180,2024-04-25,Rejected
L5842,C1305,Auto Loan,1378502,9.19,240,2025-09-05,Approved
L5843,C1477,Auto Loan,1777625,16.74,84,2024-01-08,Pending
L5844,C1678,Personal Loan,66375,9.55,120,2024-08-05,Approved
L5845,C1019,Home Loan,5937026,10.18,48,2025-12-19,Approved
L5846,C1215,Auto Loan,1410213,16.51,24,2025-08-12,Approved
L5847,C1854,Business Loan,2499806,10.21,240,2026-05-29,Approved
L5848,C1134,Home Loan,5195102,11.42,240,2025-02-07,Approved
L5849,C1904,Business Loan,2530107,10.67,48,2025-07-20,Approved
L5850,C1128,Home Loan,3042019,7.9,36,2024-10-30,Approved
L5851,C1409,Home Loan,2862044,6.97,84,2025-04-11,Default
L5852,C1421,Education Loan,162999,15.19,36,2026-01-09,Default
L5853,C1293,Auto Loan,512051,14.24,12,2024-03-28,Approved
L5854,C1245,Business Loan,2275718,9.89,48,2024-01-10,Default
L5855,C1700,Auto Loan,1056899,10.05,12,2024-11-03,Approved
L5856,C1555,Home Loan,3591004,17.84,24,2025-03-09,Approved
L5857,C1085,Personal Loan,469627,18.35,36,2026-03-12,Approved
L5858,C1555,Home Loan,4097334,12.18,180,2024-06-12,Approved
L5859,C1841,Personal Loan,472397,16.13,48,2024-08-26,Approved
L5860,C1374,Education Loan,465213,15.34,48,2024-11-12,Default
L5861,C1445,Personal Loan,594284,10.07,240,2025-10-17,Approved
L5862,C1377,Personal Loan,777449,7.2,120,2024-11-30,Approved
L5863,C1389,Personal Loan,155682,8.21,24,2024-01-18,Pending
L5864,C1656,Personal Loan,395753,16.56,36,2024-03-11,Approved
L5865,C1050,Personal Loan,559220,15.27,48,2024-06-23,Approved
L5866,C1241,Business Loan,1290170,14.47,48,2026-05-03,Rejected
L5867,C1293,Education Loan,171325,8.07,180,2026-03-10,Approved
L5868,C1919,Education Loan,476570,14.18,84,2026-03-21,Approved
L5869,C1562,Education Loan,1166105,15.77,36,2024-12-04,Approved
L5870,C1265,Personal Loan,627834,16.83,240,2024-09-04,Approved
L5871,C1119,Business Loan,3715814,6.66,180,2024-07-11,Default
L5872,C1711,Personal Loan,461512,14.71,240,2025-02-22,Pending
L5873,C1916,Personal Loan,756376,6.73,60,2024-11-20,Approved
L5874,C1247,Auto Loan,822068,14.98,36,2024-11-01,Approved
L5875,C1069,Personal Loan,312440,14.13,48,2026-02-18,Approved
L5876,C1852,Education Loan,159980,8.28,60,2024-07-22,Default
L5877,C1056,Home Loan,1643214,15.69,240,2026-05-02,Approved
L5878,C1381,Education Loan,265301,7.32,240,2024-05-02,Approved
L5879,C1038,Home Loan,5614974,16.42,36,2025-07-23,Rejected
L5880,C1983,Personal Loan,103444,9.64,120,2026-04-30,Default
L5881,C1800,Education Loan,397180,14.77,84,2025-03-22,Approved
L5882,C1442,Personal Loan,558898,17.58,48,2025-12-13,Approved
L5883,C1017,Home Loan,4205914,10.58,60,2025-05-05,Approved
L5884,C1951,Personal Loan,732527,12.53,24,2025-03-08,Approved
L5885,C1731,Auto Loan,1038099,12.06,120,2025-09-15,Approved
L5886,C1824,Auto Loan,1331913,8.39,48,2024-05-07,Rejected
L5887,C1755,Home Loan,4259340,13.58,24,2025-07-01,Approved
L5888,C1351,Business Loan,3518622,15.42,84,2026-01-15,Approved
L5889,C1971,Business Loan,746300,17.5,24,2026-04-01,Approved
L5890,C1815,Auto Loan,787426,16.71,24,2024-02-16,Approved
L5891,C1297,Auto Loan,1533308,12.62,120,2025-05-19,Approved
L5892,C1282,Personal Loan,460887,15.13,12,2024-04-24,Rejected
L5893,C1585,Auto Loan,1243228,16.11,120,2025-02-19,Approved
L5894,C1109,Personal Loan,133038,12.42,60,2026-02-05,Approved
L5895,C1179,Personal Loan,474861,7.89,12,2024-08-10,Approved
L5896,C1937,Business Loan,1218164,11.76,84,2025-09-27,Approved
L5897,C1543,Auto Loan,569355,16.61,120,2025-05-17,Approved
L5898,C1745,Home Loan,5787658,13.66,12,2025-11-02,Pending
L5899,C1793,Personal Loan,667985,15.19,240,2024-04-05,Approved
L5900,C1024,Auto Loan,1424369,8.72,120,2024-04-16,Rejected
L5901,C1842,Personal Loan,500472,18.07,12,2025-09-23,Approved
L5902,C1790,Personal Loan,250015,11.35,36,2025-09-04,Approved
L5903,C1737,Personal Loan,174338,14.34,60,2025-09-06,Default
L5904,C1056,Home Loan,1876419,6.73,48,2025-11-08,Approved
L5905,C1179,Auto Loan,1206840,8.03,24,2025-11-28,Rejected
L5906,C1231,Personal Loan,415208,15.88,12,2024-02-01,Approved
L5907,C1893,Auto Loan,427997,18.12,48,2025-05-07,Approved
L5908,C1342,Personal Loan,176417,10.34,120,2024-03-06,Rejected
L5909,C1476,Auto Loan,1365161,6.95,48,2024-06-27,Pending
L5910,C1798,Business Loan,2951786,10.83,240,2026-02-17,Pending
L5911,C1575,Auto Loan,419356,6.71,180,2025-03-18,Approved
L5912,C1454,Business Loan,3831024,8.81,180,2025-07-02,Approved
L5913,C1231,Business Loan,3295353,15.53,60,2024-07-19,Rejected
L5914,C1288,Home Loan,2475255,17.75,12,2026-05-19,Rejected
L5915,C1212,Auto Loan,684600,7.55,240,2024-02-18,Approved
L5916,C1257,Business Loan,1795318,13.19,24,2026-02-25,Approved
L5917,C1529,Home Loan,2708151,9.55,84,2025-11-10,Pending
L5918,C1686,Personal Loan,193635,8.17,60,2024-09-19,Approved
L5919,C1928,Business Loan,2574284,9.13,180,2024-05-12,Approved
L5920,C1228,Auto Loan,460609,13.43,36,2026-03-20,Pending
L5921,C1225,Personal Loan,696231,7.28,84,2024-12-09,Approved
L5922,C1595,Home Loan,1569822,11.71,84,2024-06-24,Approved
L5923,C1802,Education Loan,789050,8.12,36,2025-01-25,Rejected
L5924,C1434,Home Loan,5009229,9.77,120,2024-01-11,Approved
L5925,C1881,Auto Loan,1331760,8.79,48,2024-07-19,Rejected
L5926,C1757,Education Loan,299330,17.1,60,2026-03-19,Approved
L5927,C1401,Auto Loan,860715,15.0,240,2024-01-03,Approved
L5928,C1621,Home Loan,5743999,16.92,84,2024-08-01,Approved
L5929,C1765,Education Loan,940903,11.1,48,2026-03-18,Default
L5930,C1087,Auto Loan,494849,10.26,180,2024-11-02,Approved
L5931,C1583,Auto Loan,374981,11.07,240,2025-06-27,Approved
L5932,C1892,Home Loan,3116830,6.72,60,2025-07-13,Approved
L5933,C1541,Home Loan,3025653,15.2,24,2024-11-22,Approved
L5934,C1683,Business Loan,1464937,10.7,84,2026-02-02,Approved
L5935,C1308,Personal Loan,234811,10.26,180,2024-07-17,Approved
L5936,C1905,Personal Loan,257892,13.68,60,2025-08-23,Approved
L5937,C1342,Home Loan,5605865,11.73,12,2024-04-18,Approved
L5938,C1435,Business Loan,3731113,18.27,180,2024-10-17,Rejected
L5939,C1176,Personal Loan,470630,10.78,240,2024-04-17,Rejected
L5940,C1138,Personal Loan,100818,13.87,12,2025-02-11,Approved
L5941,C1193,Personal Loan,201967,10.24,180,2025-07-05,Approved
L5942,C1185,Auto Loan,554451,18.39,24,2024-02-21,Rejected
L5943,C1217,Personal Loan,243481,11.84,48,2024-04-21,Rejected
L5944,C1163,Home Loan,2297116,14.11,24,2024-10-21,Approved
L5945,C1160,Home Loan,5112946,8.02,24,2025-08-02,Pending
L5946,C1942,Business Loan,3773325,15.3,36,2024-07-07,Approved
L5947,C1524,Home Loan,3706273,9.73,180,2026-04-23,Approved
L5948,C1807,Personal Loan,245428,11.88,48,2025-12-21,Approved
L5949,C1600,Home Loan,4694099,17.1,120,2024-03-05,Pending
L5950,C1835,Business Loan,701468,18.15,36,2025-07-27,Approved
L5951,C1041,Auto Loan,1017276,11.59,36,2025-04-09,Rejected
L5952,C1914,Business Loan,395687,16.52,24,2024-09-14,Approved
L5953,C1209,Business Loan,1847334,7.14,84,2025-10-07,Approved
L5954,C1740,Personal Loan,711386,16.67,84,2025-09-25,Approved
L5955,C1861,Auto Loan,490667,14.05,12,2024-11-26,Pending
L5956,C1274,Personal Loan,564513,12.36,120,2025-05-15,Approved
L5957,C1953,Auto Loan,1390130,17.18,48,2025-11-13,Approved
L5958,C1278,Personal Loan,162105,16.64,36,2024-07-28,Approved
L5959,C1250,Personal Loan,688172,10.06,180,2026-03-18,Pending
L5960,C1309,Business Loan,1979832,16.0,24,2024-03-29,Approved
L5961,C1719,Personal Loan,796004,7.69,240,2025-11-09,Approved
L5962,C1832,Business Loan,1742285,16.37,180,2024-01-28,Approved
L5963,C1139,Personal Loan,499410,14.61,180,2024-08-25,Default
L5964,C1791,Personal Loan,656289,7.55,36,2024-12-01,Pending
L5965,C1545,Business Loan,2436919,14.7,48,2024-03-03,Rejected
L5966,C1820,Auto Loan,753838,13.47,24,2026-02-05,Approved
L5967,C1903,Education Loan,195494,13.63,24,2025-07-06,Approved
L5968,C1529,Personal Loan,701712,9.99,48,2025-05-14,Default
L5969,C1056,Home Loan,3797439,9.7,84,2025-06-24,Approved
L5970,C1111,Education Loan,804537,15.65,60,2026-03-01,Approved
L5971,C1004,Auto Loan,1116978,9.58,12,2025-04-13,Approved
L5972,C1409,Home Loan,5711165,11.86,12,2025-08-14,Pending
L5973,C1413,Business Loan,853188,14.84,84,2024-02-20,Approved
L5974,C1181,Auto Loan,214126,7.46,36,2024-04-21,Approved
L5975,C1012,Business Loan,641447,13.63,36,2026-05-22,Pending
L5976,C1338,Auto Loan,416651,13.57,120,2024-10-27,Approved
L5977,C1796,Education Loan,429205,14.71,12,2024-03-30,Approved
L5978,C1258,Personal Loan,542280,10.94,12,2024-08-16,Default
L5979,C1089,Home Loan,4254520,11.89,36,2024-05-29,Default
L5980,C1615,Business Loan,1611775,10.46,180,2026-01-24,Pending
L5981,C1890,Personal Loan,125582,16.2,12,2024-05-17,Rejected
L5982,C1697,Personal Loan,282459,8.07,48,2024-05-14,Approved
L5983,C1249,Personal Loan,655502,18.06,240,2025-04-01,Pending
L5984,C1254,Personal Loan,488092,14.12,48,2025-08-23,Approved
L5985,C1587,Business Loan,1860155,17.14,180,2025-05-08,Pending
L5986,C1897,Business Loan,1047520,11.61,120,2025-06-10,Pending
L5987,C1970,Home Loan,4840114,10.49,36,2024-11-28,Approved
L5988,C1107,Personal Loan,613013,17.31,120,2024-12-27,Pending
L5989,C1667,Auto Loan,598471,7.69,120,2024-06-22,Rejected
L5990,C1593,Auto Loan,668163,7.91,36,2025-08-24,Approved
L5991,C1588,Business Loan,1139812,10.09,24,2024-07-31,Rejected
L5992,C1484,Auto Loan,970008,18.02,240,2024-12-08,Approved
L5993,C1981,Personal Loan,627621,14.1,12,2024-03-01,Approved
L5994,C1971,Home Loan,5298907,13.15,120,2026-05-25,Approved
L5995,C1257,Business Loan,3300102,14.96,48,2026-01-01,Approved
L5996,C1638,Auto Loan,498307,11.51,24,2024-03-01,Pending
L5997,C1996,Auto Loan,1413619,15.6,24,2026-03-29,Default
L5998,C1902,Personal Loan,539987,11.22,180,2025-11-08,Approved
L5999,C1281,Education Loan,1144654,16.42,120,2025-06-07,Approved
L6000,C1985,Education Loan,381620,9.71,120,2024-08-03,Approved
L6001,C1087,Personal Loan,380724,9.83,60,2025-08-11,Default
L6002,C1203,Home Loan,4197559,12.77,180,2026-01-13,Approved
L6003,C1015,Personal Loan,398737,11.67,24,2025-09-15,Rejected
L6004,C1150,Personal Loan,774410,14.28,24,2025-07-31,Default
L6005,C1935,Personal Loan,256598,10.87,60,2025-11-24,Approved
L6006,C1253,Personal Loan,547712,9.27,12,2025-02-26,Pending
L6007,C1187,Auto Loan,1649299,12.14,84,2025-12-16,Pending
L6008,C1328,Personal Loan,513609,13.23,48,2025-02-26,Default
L6009,C1543,Personal Loan,717478,8.21,84,2025-01-05,Approved
L6010,C1782,Business Loan,481601,13.18,120,2024-07-24,Approved
L6011,C1996,Auto Loan,268682,10.33,36,2024-10-12,Pending
L6012,C1396,Auto Loan,1471585,11.21,180,2024-04-14,Approved
L6013,C1516,Home Loan,3344544,9.85,120,2026-01-23,Approved
L6014,C1458,Auto Loan,1495129,17.68,12,2026-01-16,Approved
L6015,C1329,Personal Loan,403857,14.7,84,2025-11-18,Approved
L6016,C1819,Education Loan,759774,9.65,120,2025-12-23,Approved
L6017,C1844,Personal Loan,133030,14.24,48,2025-06-26,Approved
L6018,C1168,Auto Loan,1368936,16.68,24,2026-01-16,Approved
L6019,C1692,Personal Loan,709297,11.32,240,2024-08-29,Approved
L6020,C1365,Education Loan,1104366,16.46,120,2025-05-05,Approved
L6021,C1177,Home Loan,3364878,8.35,12,2025-10-26,Rejected
L6022,C1654,Home Loan,1962936,16.37,180,2025-12-08,Rejected
L6023,C1361,Personal Loan,313894,12.98,36,2025-05-12,Approved
L6024,C1759,Auto Loan,789306,9.18,48,2025-03-10,Approved
L6025,C1638,Business Loan,1342960,11.39,60,2026-02-19,Approved
L6026,C1774,Education Loan,236817,18.36,12,2025-04-28,Approved
L6027,C1039,Personal Loan,242803,15.9,84,2025-03-22,Approved
L6028,C1923,Home Loan,2459848,13.4,84,2025-01-18,Approved
L6029,C1415,Business Loan,2242991,7.88,24,2025-05-24,Approved
L6030,C1354,Home Loan,3712035,11.51,84,2024-06-18,Rejected
L6031,C1254,Auto Loan,555887,9.66,180,2026-05-18,Approved
L6032,C1142,Business Loan,1157906,7.35,84,2024-11-18,Pending
L6033,C1751,Business Loan,2065472,13.01,48,2026-04-27,Approved
L6034,C1739,Home Loan,5794142,17.17,48,2025-04-18,Default
L6035,C1852,Home Loan,4096581,14.61,240,2024-08-19,Approved
L6036,C1709,Personal Loan,238489,9.5,84,2025-11-26,Approved
L6037,C1576,Auto Loan,1102479,13.38,180,2024-12-24,Approved
L6038,C1899,Personal Loan,592613,17.82,180,2024-10-01,Approved
L6039,C1010,Personal Loan,249756,15.17,120,2024-02-01,Approved
L6040,C1619,Home Loan,2775516,14.77,36,2024-06-25,Approved
L6041,C1025,Personal Loan,67669,18.12,12,2024-03-05,Rejected
L6042,C1956,Auto Loan,1113817,16.09,60,2025-12-10,Approved
L6043,C1420,Auto Loan,534154,8.14,24,2024-01-27,Rejected
L6044,C1662,Home Loan,5202140,10.67,24,2025-10-24,Approved
L6045,C1220,Home Loan,5127219,18.08,120,2026-03-25,Pending
L6046,C1852,Business Loan,496681,12.38,36,2025-04-23,Approved
L6047,C1495,Personal Loan,625100,7.84,180,2024-09-24,Approved
L6048,C1236,Education Loan,902491,12.0,240,2025-08-19,Approved
L6049,C1236,Business Loan,1696989,14.86,180,2024-03-06,Approved
L6050,C1218,Home Loan,1577150,18.47,84,2024-05-12,Approved
L6051,C1486,Auto Loan,1420416,10.39,60,2024-12-31,Approved
L6052,C1935,Business Loan,2422547,12.67,36,2024-03-22,Rejected
L6053,C1460,Personal Loan,332346,17.06,36,2026-06-11,Pending
L6054,C1662,Home Loan,3827929,10.76,120,2026-04-10,Approved
L6055,C1634,Home Loan,1571469,7.81,60,2024-11-23,Default
L6056,C1143,Personal Loan,778408,17.89,84,2024-04-07,Default
L6057,C1989,Education Loan,324839,12.36,84,2025-08-07,Pending
L6058,C1188,Business Loan,1568458,12.53,240,2024-11-22,Approved
L6059,C1254,Education Loan,874456,13.95,12,2025-06-25,Approved
L6060,C1067,Personal Loan,577169,6.54,180,2024-05-04,Approved
L6061,C1615,Personal Loan,686148,17.67,60,2024-07-28,Rejected
L6062,C1335,Auto Loan,1071217,10.84,84,2026-02-22,Approved
L6063,C1670,Personal Loan,508253,11.26,84,2025-12-25,Approved
L6064,C1820,Auto Loan,366415,8.59,12,2024-05-12,Approved
L6065,C1873,Home Loan,5465770,11.04,36,2025-05-17,Approved
L6066,C1408,Auto Loan,1388304,16.15,84,2024-06-05,Rejected
L6067,C1299,Auto Loan,1516461,16.1,240,2025-07-12,Approved
L6068,C1907,Home Loan,947733,17.73,84,2026-05-18,Rejected
L6069,C1601,Personal Loan,344977,11.34,84,2026-05-24,Rejected
L6070,C1356,Personal Loan,676854,15.0,12,2025-01-16,Approved
L6071,C1255,Home Loan,1919816,12.59,240,2024-01-22,Approved
L6072,C1352,Auto Loan,831186,16.15,48,2025-08-17,Rejected
L6073,C1731,Education Loan,1074645,15.05,24,2025-02-22,Approved
L6074,C1520,Education Loan,309304,10.91,12,2025-04-16,Approved
L6075,C1523,Business Loan,655734,10.54,36,2024-08-21,Approved
L6076,C1836,Personal Loan,130522,9.53,36,2025-07-25,Approved
L6077,C1949,Personal Loan,423798,13.42,60,2025-03-29,Approved
L6078,C1755,Personal Loan,719800,18.07,12,2025-11-30,Approved
L6079,C1693,Education Loan,219107,8.9,120,2025-07-23,Approved
L6080,C1283,Home Loan,1201176,7.64,12,2026-02-09,Approved
L6081,C1311,Education Loan,1171038,7.93,48,2024-06-10,Pending
L6082,C1098,Home Loan,1843423,15.9,84,2024-10-27,Approved
L6083,C1196,Business Loan,2152829,10.7,12,2024-11-01,Pending
L6084,C1481,Business Loan,2817626,9.19,120,2024-01-02,Approved
L6085,C1877,Personal Loan,142889,10.73,120,2024-09-27,Rejected
L6086,C1225,Home Loan,5083256,14.24,36,2025-02-24,Approved
L6087,C1844,Auto Loan,917884,13.06,48,2024-05-22,Rejected
L6088,C1614,Personal Loan,465331,15.42,84,2025-11-30,Approved
L6089,C1617,Home Loan,5898802,10.57,120,2026-05-13,Rejected
L6090,C1364,Auto Loan,901793,11.92,48,2026-05-02,Approved
L6091,C1367,Personal Loan,271576,7.72,240,2026-01-05,Approved
L6092,C1569,Auto Loan,1205771,7.38,240,2026-05-28,Approved
L6093,C1589,Auto Loan,943681,12.05,240,2025-11-22,Pending
L6094,C1074,Personal Loan,548149,10.12,84,2025-06-18,Rejected
L6095,C1041,Home Loan,1665796,13.85,24,2026-05-16,Approved
L6096,C1421,Personal Loan,352788,7.02,24,2024-02-06,Rejected
L6097,C1835,Auto Loan,524787,7.96,48,2024-04-16,Rejected
L6098,C1180,Personal Loan,325455,16.88,240,2024-10-23,Default
L6099,C1544,Business Loan,3437877,13.3,36,2026-01-10,Pending
L6100,C1070,Home Loan,5248388,15.04,84,2026-04-04,Rejected
L6101,C1567,Personal Loan,179466,16.6,24,2024-04-06,Approved
L6102,C1104,Home Loan,2911740,12.07,12,2024-10-07,Rejected
L6103,C1199,Home Loan,4781576,15.63,60,2024-04-19,Approved
L6104,C1100,Home Loan,4107657,12.8,180,2025-07-02,Default
L6105,C1767,Auto Loan,1794575,9.17,24,2025-07-05,Approved
L6106,C1306,Home Loan,5654761,10.55,240,2025-08-19,Approved
L6107,C1585,Personal Loan,733753,12.38,180,2026-03-24,Approved
L6108,C1682,Personal Loan,396418,10.3,36,2024-07-06,Rejected
L6109,C1376,Auto Loan,519753,10.53,12,2026-01-21,Default
L6110,C1654,Auto Loan,1746557,10.55,48,2026-05-19,Approved
L6111,C1677,Home Loan,3885689,7.97,180,2025-05-02,Rejected
L6112,C1398,Education Loan,874597,7.52,36,2024-12-19,Rejected
L6113,C1772,Home Loan,5049790,7.06,24,2024-01-19,Rejected
L6114,C1220,Education Loan,834647,7.83,120,2026-05-08,Approved
L6115,C1594,Personal Loan,79882,10.62,48,2025-01-27,Pending
L6116,C1181,Personal Loan,628366,13.63,84,2026-04-16,Approved
L6117,C1306,Business Loan,3242318,8.76,60,2024-09-17,Rejected
L6118,C1521,Home Loan,2087256,17.16,24,2025-02-13,Approved
L6119,C1395,Education Loan,274898,16.2,24,2025-02-06,Approved
L6120,C1003,Personal Loan,400129,12.75,240,2025-10-31,Pending
L6121,C1862,Auto Loan,506172,15.19,24,2025-04-28,Approved
L6122,C1913,Business Loan,2317411,10.9,180,2024-10-30,Approved
L6123,C1847,Personal Loan,562871,6.94,180,2025-09-15,Rejected
L6124,C1999,Business Loan,923226,17.35,12,2025-10-17,Approved
L6125,C1803,Auto Loan,842607,8.03,12,2026-02-06,Approved
L6126,C1280,Auto Loan,756831,17.88,48,2024-01-18,Approved
L6127,C1214,Home Loan,1448567,13.36,24,2024-07-02,Approved
L6128,C1971,Business Loan,2426514,10.17,12,2025-02-08,Approved
L6129,C1609,Personal Loan,470531,12.45,240,2026-03-09,Approved
L6130,C1419,Personal Loan,208818,12.52,36,2026-06-15,Pending
L6131,C1100,Business Loan,703273,6.78,12,2024-05-10,Approved
L6132,C1962,Education Loan,929347,10.77,24,2025-04-23,Approved
L6133,C1520,Personal Loan,739517,15.38,180,2026-03-03,Approved
L6134,C1572,Home Loan,1173519,12.62,60,2026-01-26,Approved
L6135,C1308,Home Loan,5837528,9.43,120,2024-01-08,Rejected
L6136,C1657,Home Loan,3842398,10.52,84,2025-12-05,Rejected
L6137,C1938,Personal Loan,278208,16.86,12,2024-11-13,Approved
L6138,C1930,Auto Loan,1237904,12.81,84,2025-01-25,Approved
L6139,C1509,Personal Loan,441342,12.84,120,2025-06-02,Approved
L6140,C1062,Education Loan,196950,18.04,48,2024-05-15,Rejected
L6141,C1632,Education Loan,274942,10.35,180,2025-06-14,Approved
L6142,C1225,Home Loan,4010557,12.25,180,2025-10-12,Approved
L6143,C1104,Personal Loan,584876,16.24,120,2025-01-01,Approved
L6144,C1973,Personal Loan,546195,15.61,24,2025-05-03,Rejected
L6145,C1771,Home Loan,2843419,9.69,84,2025-11-19,Pending
L6146,C1860,Auto Loan,1551441,8.31,84,2024-01-11,Default
L6147,C1424,Home Loan,1072743,14.91,120,2025-07-06,Approved
L6148,C1254,Auto Loan,534738,9.59,84,2025-03-21,Approved
L6149,C1428,Home Loan,5727094,17.57,24,2024-04-23,Approved
L6150,C1433,Personal Loan,708299,8.05,180,2025-11-22,Rejected
L6151,C1206,Personal Loan,302856,10.32,48,2025-12-06,Default
L6152,C1027,Personal Loan,334293,7.16,240,2024-07-14,Approved
L6153,C1681,Personal Loan,771927,14.94,180,2026-05-09,Approved
L6154,C1335,Home Loan,4087008,17.2,36,2026-01-06,Approved
L6155,C1587,Business Loan,497170,14.13,36,2026-04-22,Approved
L6156,C1627,Education Loan,1169527,17.75,180,2024-11-18,Approved
L6157,C1068,Personal Loan,229992,8.04,24,2026-02-11,Approved
L6158,C1865,Personal Loan,621054,7.55,240,2025-05-26,Approved
L6159,C1745,Personal Loan,209423,16.56,48,2025-09-19,Approved
L6160,C1512,Personal Loan,527432,16.77,84,2025-10-23,Rejected
L6161,C1166,Home Loan,3508562,16.47,36,2025-09-21,Approved
L6162,C1863,Home Loan,5790044,16.09,36,2024-06-13,Approved
L6163,C1729,Personal Loan,518361,10.85,36,2024-09-08,Approved
L6164,C1784,Personal Loan,133211,9.11,24,2026-02-17,Pending
L6165,C1367,Personal Loan,471280,17.65,180,2024-02-13,Rejected
L6166,C1250,Personal Loan,497095,10.18,240,2025-04-14,Approved
L6167,C1858,Auto Loan,1375110,11.28,180,2025-05-03,Approved
L6168,C1855,Personal Loan,583008,14.89,36,2024-06-29,Approved
L6169,C1930,Home Loan,3285500,10.02,120,2024-03-17,Rejected
L6170,C1685,Auto Loan,1684732,16.33,24,2025-01-08,Rejected
L6171,C1169,Business Loan,3001433,7.34,48,2025-09-19,Pending
L6172,C1757,Business Loan,1285979,15.99,84,2024-03-07,Approved
L6173,C1934,Education Loan,409257,13.72,60,2025-06-08,Default
L6174,C1089,Personal Loan,481419,13.38,240,2024-04-01,Default
L6175,C1560,Auto Loan,1798769,12.0,48,2026-01-27,Pending
L6176,C1445,Education Loan,304580,9.82,60,2026-02-17,Approved
L6177,C1293,Personal Loan,624673,12.07,48,2025-10-12,Approved
L6178,C1918,Home Loan,1879229,11.9,180,2026-05-02,Approved
L6179,C1149,Business Loan,1440441,13.51,180,2024-08-31,Approved
L6180,C1131,Home Loan,4423664,9.88,36,2024-12-06,Approved
L6181,C1432,Personal Loan,700101,7.43,12,2026-02-23,Rejected
L6182,C1058,Personal Loan,195871,8.24,84,2024-10-30,Approved
L6183,C1968,Home Loan,2387916,14.89,24,2025-02-01,Pending
L6184,C1835,Personal Loan,187116,6.77,24,2025-12-03,Approved
L6185,C1198,Auto Loan,350943,16.78,36,2025-03-23,Approved
L6186,C1214,Auto Loan,420375,14.83,180,2024-04-06,Rejected
L6187,C1897,Personal Loan,555935,15.72,36,2024-11-26,Approved
L6188,C1560,Business Loan,2286314,16.53,120,2024-07-23,Approved
L6189,C1471,Home Loan,4618362,7.97,240,2025-03-24,Default
L6190,C1743,Personal Loan,395252,16.37,180,2025-02-21,Rejected
L6191,C1246,Education Loan,149892,12.56,12,2025-10-10,Approved
L6192,C1381,Education Loan,281593,17.13,120,2024-03-17,Pending
L6193,C1990,Auto Loan,1077933,17.14,120,2026-06-14,Rejected
L6194,C1238,Business Loan,3136432,6.79,180,2025-07-02,Rejected
L6195,C1926,Education Loan,445535,11.09,60,2026-03-08,Pending
L6196,C1366,Business Loan,2677216,12.82,240,2025-02-28,Approved
L6197,C1167,Home Loan,4201944,14.64,240,2025-03-04,Rejected
L6198,C1559,Education Loan,1120961,9.93,180,2025-04-29,Approved
L6199,C1050,Business Loan,2165993,9.53,84,2026-03-25,Approved
L6200,C1810,Auto Loan,1407935,11.08,84,2024-05-14,Pending
L6201,C1609,Personal Loan,175702,12.51,12,2025-10-15,Approved
L6202,C1950,Home Loan,5067831,17.91,84,2024-09-10,Rejected
L6203,C1727,Auto Loan,1395087,15.65,48,2025-07-13,Pending
L6204,C1688,Personal Loan,799980,11.65,48,2024-09-11,Default
L6205,C1379,Business Loan,1128667,7.15,24,2025-10-07,Pending
L6206,C1473,Personal Loan,733019,8.52,48,2026-03-12,Approved
L6207,C1079,Personal Loan,337120,11.97,60,2025-12-20,Approved
L6208,C1696,Business Loan,3681039,16.27,60,2025-05-13,Approved
L6209,C1366,Home Loan,3766227,11.07,60,2025-09-04,Approved
L6210,C1460,Personal Loan,773225,12.96,48,2025-04-28,Approved
L6211,C1910,Auto Loan,1618351,17.2,12,2024-02-15,Approved
L6212,C1538,Auto Loan,923666,17.47,180,2025-03-18,Rejected
L6213,C1451,Personal Loan,630985,9.09,36,2025-08-04,Default
L6214,C1463,Business Loan,894670,7.02,24,2025-10-09,Rejected
L6215,C1959,Home Loan,1603083,10.16,240,2026-03-02,Rejected
L6216,C1477,Auto Loan,380116,14.85,120,2025-08-01,Approved
L6217,C1925,Home Loan,5008937,17.91,240,2024-01-04,Approved
L6218,C1419,Auto Loan,279164,7.42,24,2026-01-05,Approved
L6219,C1706,Personal Loan,503116,6.84,240,2024-01-01,Rejected
L6220,C1213,Personal Loan,173425,17.11,240,2024-10-16,Approved
L6221,C1368,Home Loan,5768812,15.48,240,2024-04-18,Rejected
L6222,C1853,Education Loan,395182,18.41,48,2026-02-15,Approved
L6223,C1113,Personal Loan,230160,11.26,36,2025-07-28,Approved
L6224,C1753,Auto Loan,1452825,11.49,84,2025-04-04,Approved
L6225,C1502,Education Loan,305538,8.57,36,2024-09-22,Approved
L6226,C1635,Personal Loan,515432,7.89,240,2024-05-17,Approved
L6227,C1816,Personal Loan,772153,13.44,36,2025-03-09,Rejected
L6228,C1587,Personal Loan,517002,10.87,24,2024-02-13,Rejected
L6229,C1310,Auto Loan,1548858,7.46,180,2026-06-04,Approved
L6230,C1468,Personal Loan,251466,17.14,84,2025-05-24,Pending
L6231,C1823,Home Loan,3369395,8.88,180,2024-09-18,Approved
L6232,C1707,Auto Loan,1732622,15.48,120,2025-12-28,Default
L6233,C1862,Auto Loan,1435799,9.89,36,2025-09-24,Approved
L6234,C1043,Personal Loan,685462,16.25,180,2024-05-31,Rejected
L6235,C1414,Home Loan,1111416,7.92,12,2024-07-31,Approved
L6236,C1697,Education Loan,237980,15.57,12,2024-08-21,Approved
L6237,C1854,Business Loan,2801212,7.68,180,2026-05-12,Approved
L6238,C1245,Business Loan,3235039,11.86,240,2025-09-14,Approved
L6239,C1948,Auto Loan,1220669,15.31,84,2024-12-26,Approved
L6240,C1083,Home Loan,5724191,8.58,60,2024-11-15,Approved
L6241,C1206,Personal Loan,389252,9.93,24,2024-08-09,Default
L6242,C1150,Personal Loan,486282,16.88,240,2026-01-07,Pending
L6243,C1667,Personal Loan,276301,17.12,84,2024-07-28,Rejected
L6244,C1527,Auto Loan,1157508,7.04,180,2025-01-30,Rejected
L6245,C1164,Personal Loan,395173,8.52,240,2025-08-05,Default
L6246,C1916,Personal Loan,351841,7.91,240,2025-05-03,Approved
L6247,C1974,Business Loan,2152642,8.66,180,2026-05-21,Approved
L6248,C1144,Personal Loan,461249,18.14,180,2025-08-23,Pending
L6249,C1036,Personal Loan,105063,13.12,36,2026-02-12,Rejected
L6250,C1332,Personal Loan,593628,12.12,36,2026-05-27,Approved
L6251,C1402,Auto Loan,787069,18.31,24,2025-04-08,Approved
L6252,C1413,Auto Loan,1259214,13.18,12,2025-11-30,Approved
L6253,C1044,Home Loan,3115138,14.43,48,2025-09-15,Default
L6254,C1401,Home Loan,5215972,10.49,24,2025-03-27,Approved
L6255,C1205,Education Loan,394786,11.09,24,2025-02-16,Default
L6256,C1061,Education Loan,615518,13.63,60,2026-01-20,Pending
L6257,C1419,Business Loan,849666,7.34,48,2025-04-20,Rejected
L6258,C1867,Education Loan,405019,9.57,12,2024-09-12,Approved
L6259,C1467,Auto Loan,1366747,8.86,240,2024-05-29,Approved
L6260,C1819,Personal Loan,412205,6.69,48,2024-05-06,Approved
L6261,C1018,Personal Loan,789089,12.94,60,2025-01-26,Approved
L6262,C1364,Personal Loan,638665,13.23,120,2026-04-10,Rejected
L6263,C1299,Auto Loan,984627,11.11,24,2025-04-24,Approved
L6264,C1006,Education Loan,678979,9.72,180,2025-01-31,Approved
L6265,C1760,Home Loan,3935392,14.32,24,2025-02-05,Approved
L6266,C1427,Personal Loan,507519,8.12,60,2024-09-30,Default
L6267,C1116,Home Loan,4988432,12.72,24,2026-04-24,Approved
L6268,C1579,Business Loan,2708359,15.72,24,2024-05-18,Pending
L6269,C1506,Auto Loan,816070,8.47,48,2024-04-12,Approved
L6270,C1545,Education Loan,178343,15.54,48,2024-08-29,Approved
L6271,C1705,Education Loan,445215,15.63,180,2024-04-26,Approved
L6272,C1324,Business Loan,1222996,7.22,84,2024-08-01,Approved
L6273,C1054,Education Loan,745687,6.73,180,2025-04-28,Rejected
L6274,C1777,Education Loan,655645,18.19,120,2025-06-12,Approved
L6275,C1991,Personal Loan,515054,8.82,48,2025-11-21,Approved
L6276,C1041,Personal Loan,491913,16.37,24,2024-08-11,Rejected
L6277,C1296,Home Loan,5588875,13.24,240,2024-09-26,Rejected
L6278,C1972,Personal Loan,109567,9.67,24,2026-04-04,Rejected
L6279,C1230,Business Loan,2706302,8.06,12,2026-05-10,Approved
L6280,C1452,Personal Loan,287778,12.46,180,2024-05-13,Approved
L6281,C1889,Business Loan,1490334,11.39,240,2024-04-23,Default
L6282,C1393,Home Loan,4900681,14.89,12,2025-03-16,Pending
L6283,C1521,Personal Loan,635894,17.35,120,2025-10-05,Default
L6284,C1357,Business Loan,1629611,16.16,24,2025-10-12,Approved
L6285,C1986,Home Loan,1516079,9.79,84,2024-12-30,Rejected
L6286,C1443,Home Loan,3887686,17.05,60,2024-08-19,Approved
L6287,C1127,Personal Loan,299465,16.5,12,2025-04-02,Approved
L6288,C1690,Auto Loan,424589,17.65,24,2025-01-09,Pending
L6289,C1404,Personal Loan,588314,12.0,24,2025-08-26,Rejected
L6290,C1391,Auto Loan,1531142,15.72,84,2026-02-17,Approved
L6291,C1192,Auto Loan,495625,13.6,12,2025-09-02,Approved
L6292,C1603,Auto Loan,833672,10.23,48,2024-07-25,Pending
L6293,C1880,Education Loan,158031,18.43,60,2025-06-03,Approved
L6294,C1742,Home Loan,2718135,6.96,24,2025-04-12,Approved
L6295,C1077,Personal Loan,404398,8.45,24,2026-05-31,Approved
L6296,C1084,Business Loan,2381552,17.21,120,2025-03-18,Approved
L6297,C1029,Personal Loan,642520,7.23,120,2024-11-16,Pending
L6298,C1724,Home Loan,5336672,17.14,84,2024-04-02,Approved
L6299,C1048,Home Loan,5755095,15.08,12,2025-02-11,Approved
L6300,C1776,Business Loan,2164968,6.94,36,2024-06-06,Default
L6301,C1144,Home Loan,2984847,11.65,240,2026-05-21,Approved
L6302,C1068,Home Loan,1978642,15.55,12,2024-04-08,Approved
L6303,C1057,Auto Loan,1387558,13.5,24,2024-08-12,Rejected
L6304,C1696,Auto Loan,1513413,17.73,180,2026-05-01,Approved
L6305,C1573,Personal Loan,689601,16.91,120,2025-03-16,Approved
L6306,C1478,Home Loan,3441532,10.49,240,2025-12-20,Rejected
L6307,C1819,Education Loan,390699,7.52,48,2025-08-07,Pending
L6308,C1444,Business Loan,2993374,17.83,48,2025-02-04,Rejected
L6309,C1295,Auto Loan,1063689,12.71,120,2025-07-24,Default
L6310,C1677,Home Loan,3392859,7.39,12,2026-03-09,Rejected
L6311,C1170,Personal Loan,205223,16.3,240,2024-03-04,Rejected
L6312,C1574,Business Loan,1872900,16.92,24,2026-02-06,Pending
L6313,C1146,Education Loan,663339,14.17,12,2025-07-13,Approved
L6314,C1483,Personal Loan,541513,11.87,120,2024-10-05,Approved
L6315,C1305,Personal Loan,130738,14.45,84,2025-12-10,Rejected
L6316,C1672,Auto Loan,535740,14.98,36,2025-10-31,Approved
L6317,C1652,Personal Loan,634359,17.22,12,2026-04-02,Approved
L6318,C1845,Personal Loan,180613,17.97,60,2025-06-02,Approved
L6319,C1608,Personal Loan,123601,12.67,48,2024-09-04,Approved
L6320,C1445,Personal Loan,79873,16.08,60,2025-01-02,Approved
L6321,C1220,Home Loan,2540584,18.07,12,2026-01-13,Pending
L6322,C1554,Education Loan,912902,8.31,12,2025-09-09,Default
L6323,C1944,Personal Loan,770489,6.72,60,2024-04-07,Rejected
L6324,C1803,Personal Loan,58328,16.93,84,2024-09-24,Pending
L6325,C1377,Personal Loan,187405,8.84,60,2024-02-29,Approved
L6326,C1619,Home Loan,921173,7.01,24,2025-05-14,Approved
L6327,C1265,Personal Loan,96638,8.42,240,2024-11-03,Approved
L6328,C1094,Home Loan,1962496,11.11,60,2025-05-07,Approved
L6329,C1261,Auto Loan,610261,9.13,60,2025-02-14,Approved
L6330,C1824,Personal Loan,746101,10.16,240,2024-05-19,Approved
L6331,C1896,Personal Loan,485986,18.2,36,2024-11-23,Rejected
L6332,C1070,Personal Loan,57887,14.95,60,2025-04-08,Approved
L6333,C1953,Home Loan,2864798,15.05,60,2025-12-02,Default
L6334,C1218,Business Loan,3150418,7.64,24,2025-09-28,Approved
L6335,C1532,Personal Loan,74918,15.29,48,2024-06-11,Approved
L6336,C1091,Business Loan,1121929,15.37,24,2024-02-29,Approved
L6337,C1126,Personal Loan,405706,14.42,60,2024-01-31,Rejected
L6338,C1079,Business Loan,1016369,9.24,24,2024-11-28,Approved
L6339,C1823,Home Loan,4572217,11.58,240,2024-03-16,Approved
L6340,C1237,Auto Loan,720337,16.66,84,2026-01-24,Approved
L6341,C1982,Home Loan,2827842,14.54,180,2024-11-12,Default
L6342,C1371,Home Loan,1534459,15.29,240,2026-02-08,Approved
L6343,C1915,Business Loan,3824438,13.55,180,2025-02-20,Pending
L6344,C1485,Education Loan,390690,11.9,60,2024-07-08,Pending
L6345,C1693,Home Loan,3106648,15.61,60,2025-05-03,Approved
L6346,C1024,Personal Loan,742698,7.32,84,2026-06-07,Rejected
L6347,C1155,Personal Loan,477499,14.58,12,2024-11-10,Approved
L6348,C1516,Education Loan,706782,18.47,180,2024-10-22,Approved
L6349,C1631,Home Loan,4417114,15.86,24,2025-05-15,Rejected
L6350,C1788,Home Loan,1108710,9.99,84,2024-06-25,Rejected
L6351,C1529,Auto Loan,547608,9.83,240,2026-03-10,Approved
L6352,C1942,Business Loan,1476855,14.51,36,2026-03-16,Pending
L6353,C1709,Auto Loan,281991,17.25,24,2026-05-09,Rejected
L6354,C1056,Education Loan,454824,13.44,60,2025-12-19,Default
L6355,C1604,Education Loan,355069,12.83,240,2024-08-02,Approved
L6356,C1018,Home Loan,5480018,8.42,84,2026-05-05,Default
L6357,C1383,Personal Loan,733444,15.09,180,2025-10-14,Approved
L6358,C1864,Education Loan,776503,14.93,180,2025-08-19,Approved
L6359,C1192,Home Loan,4037355,18.1,120,2025-11-24,Rejected
L6360,C1236,Business Loan,422772,10.1,60,2024-11-27,Rejected
L6361,C1386,Personal Loan,279415,15.58,24,2024-05-07,Approved
L6362,C1425,Personal Loan,715582,11.71,60,2024-09-25,Approved
L6363,C1276,Business Loan,1277469,13.2,120,2025-07-04,Approved
L6364,C1226,Auto Loan,1761853,16.3,120,2025-06-18,Rejected
L6365,C1744,Home Loan,2107589,9.16,24,2026-01-23,Approved
L6366,C1551,Education Loan,1164692,10.61,120,2024-12-31,Approved
L6367,C1322,Auto Loan,906412,15.78,84,2025-09-10,Approved
L6368,C1152,Home Loan,3601329,13.35,120,2024-12-13,Default
L6369,C1638,Personal Loan,283982,7.61,180,2024-05-21,Approved
L6370,C1236,Education Loan,305383,11.66,48,2024-05-24,Rejected
L6371,C1997,Business Loan,591799,13.54,12,2026-03-02,Default
L6372,C1054,Personal Loan,238874,17.41,180,2024-09-01,Approved
L6373,C1979,Business Loan,1920496,8.76,180,2025-03-17,Approved
L6374,C1435,Business Loan,3328849,16.17,36,2025-12-03,Approved
L6375,C1683,Home Loan,3108436,8.07,36,2024-10-16,Rejected
L6376,C1108,Auto Loan,636441,9.41,60,2025-11-21,Approved
L6377,C1865,Home Loan,1273818,9.42,36,2024-04-21,Approved
L6378,C1980,Personal Loan,331039,17.03,60,2024-08-01,Approved
L6379,C1183,Auto Loan,1138713,8.89,180,2025-10-11,Approved
L6380,C1950,Business Loan,1584468,15.94,12,2026-06-04,Approved
L6381,C1367,Auto Loan,442718,12.04,24,2024-07-18,Default
L6382,C1982,Home Loan,1517167,18.49,24,2025-02-08,Approved
L6383,C1197,Personal Loan,597374,16.57,48,2025-02-24,Default
L6384,C1370,Personal Loan,135637,15.38,240,2024-01-07,Default
L6385,C1372,Home Loan,4628295,16.95,24,2026-05-07,Approved
L6386,C1972,Personal Loan,419478,14.11,240,2025-06-08,Approved
L6387,C1496,Auto Loan,787371,16.62,120,2025-08-14,Rejected
L6388,C1598,Home Loan,4040756,9.63,180,2024-10-12,Pending
L6389,C1200,Education Loan,762643,7.67,12,2025-11-01,Approved
L6390,C1848,Personal Loan,668312,13.89,60,2025-01-23,Default
L6391,C1508,Auto Loan,462399,11.72,240,2025-02-19,Approved
L6392,C1321,Home Loan,4460880,11.62,48,2026-02-22,Approved
L6393,C1274,Personal Loan,257627,12.82,24,2025-12-13,Rejected
L6394,C1210,Personal Loan,589775,10.84,84,2024-05-29,Approved
L6395,C1503,Personal Loan,550549,14.01,24,2025-03-03,Approved
L6396,C1902,Business Loan,1892210,6.87,36,2026-03-18,Approved
L6397,C1117,Personal Loan,320888,18.14,180,2024-10-19,Approved
L6398,C1702,Auto Loan,617972,17.6,36,2024-11-29,Rejected
L6399,C1553,Business Loan,3507324,17.72,24,2024-09-28,Pending
L6400,C1041,Education Loan,941464,10.88,84,2024-02-12,Pending
L6401,C1314,Personal Loan,227175,12.88,36,2025-04-12,Rejected
L6402,C1787,Business Loan,3598776,17.95,12,2024-11-14,Approved
L6403,C1328,Personal Loan,443807,17.33,36,2025-05-06,Approved
L6404,C1016,Home Loan,1854853,15.98,84,2025-06-10,Approved
L6405,C1282,Business Loan,1148292,11.39,36,2026-01-29,Approved
L6406,C1942,Auto Loan,333332,13.27,240,2024-06-20,Approved
L6407,C1257,Home Loan,4186243,16.01,120,2025-12-30,Pending
L6408,C1574,Personal Loan,771243,9.78,60,2025-10-10,Pending
L6409,C1573,Home Loan,1086885,14.02,24,2024-11-16,Approved
L6410,C1611,Home Loan,5376168,16.44,240,2026-01-08,Rejected
L6411,C1018,Personal Loan,349355,14.99,60,2024-02-13,Approved
L6412,C1528,Business Loan,3161904,12.25,120,2025-06-15,Approved
L6413,C1836,Business Loan,1082733,13.52,240,2025-09-22,Rejected
L6414,C1422,Business Loan,2831910,18.36,48,2025-03-29,Approved
L6415,C1465,Home Loan,2335410,13.72,240,2026-01-15,Approved
L6416,C1372,Auto Loan,549760,15.93,12,2026-05-29,Pending
L6417,C1757,Business Loan,2330812,15.22,84,2026-06-09,Rejected
L6418,C1762,Business Loan,2491667,14.92,24,2026-04-27,Pending
L6419,C1966,Home Loan,2539549,15.1,180,2026-05-17,Pending
L6420,C1080,Personal Loan,238088,11.95,60,2026-02-12,Default
L6421,C1550,Personal Loan,634398,12.19,36,2024-03-23,Approved
L6422,C1547,Auto Loan,419601,12.11,24,2025-06-26,Approved
L6423,C1423,Auto Loan,933282,6.9,180,2024-11-17,Approved
L6424,C1428,Business Loan,596177,9.39,120,2026-02-24,Approved
L6425,C1387,Personal Loan,310705,8.35,240,2024-08-21,Approved
L6426,C1997,Personal Loan,505209,17.14,180,2025-06-23,Rejected
L6427,C1920,Home Loan,812938,9.8,48,2024-09-08,Approved
L6428,C1708,Home Loan,1979418,8.16,24,2026-04-15,Approved
L6429,C1669,Personal Loan,314418,7.94,24,2026-02-03,Pending
L6430,C1203,Auto Loan,625031,14.9,24,2025-03-24,Approved
L6431,C1195,Home Loan,4414962,6.57,84,2024-08-26,Approved
L6432,C1727,Auto Loan,1398609,12.16,120,2025-05-04,Rejected
L6433,C1284,Home Loan,4045100,7.93,84,2026-05-31,Rejected
L6434,C1968,Personal Loan,326850,16.7,24,2025-04-08,Approved
L6435,C1195,Home Loan,1985622,18.0,48,2024-11-09,Approved
L6436,C1306,Business Loan,2735760,18.01,36,2024-06-23,Approved
L6437,C1663,Personal Loan,595501,11.8,48,2025-12-06,Approved
L6438,C1013,Education Loan,1104735,14.23,60,2024-06-28,Approved
L6439,C1836,Home Loan,2812236,13.7,120,2025-01-19,Rejected
L6440,C1145,Business Loan,1673464,10.7,240,2024-10-21,Approved
L6441,C1937,Education Loan,773131,11.83,24,2024-08-02,Approved
L6442,C1056,Personal Loan,513026,7.27,180,2025-12-15,Approved
L6443,C1722,Auto Loan,1021485,16.05,36,2026-01-31,Default
L6444,C1779,Personal Loan,298966,9.39,240,2026-05-23,Default
L6445,C1209,Business Loan,745292,12.03,48,2026-02-07,Approved
L6446,C1528,Home Loan,4265495,12.27,36,2024-03-15,Approved
L6447,C1797,Home Loan,1878290,13.23,84,2024-12-09,Approved
L6448,C1343,Auto Loan,889746,16.31,240,2025-12-14,Approved
L6449,C1714,Education Loan,417192,14.8,120,2024-05-21,Approved
L6450,C1610,Personal Loan,405439,14.46,48,2025-12-18,Approved
L6451,C1278,Auto Loan,212026,12.82,36,2024-07-17,Approved
L6452,C1208,Home Loan,2481063,7.65,48,2024-06-19,Approved
L6453,C1640,Home Loan,3780858,11.32,36,2025-02-09,Approved
L6454,C1334,Auto Loan,488988,17.99,36,2026-04-07,Approved
L6455,C1287,Home Loan,4886679,18.45,240,2024-08-15,Approved
L6456,C1251,Personal Loan,402559,15.27,48,2025-02-14,Approved
L6457,C1264,Business Loan,3654302,9.23,240,2026-06-16,Rejected
L6458,C1270,Personal Loan,264340,7.72,60,2025-11-21,Rejected
L6459,C1923,Auto Loan,254708,11.48,120,2026-05-27,Approved
L6460,C1919,Personal Loan,507141,16.78,60,2026-02-25,Approved
L6461,C1699,Personal Loan,645113,15.16,12,2024-03-02,Approved
L6462,C1418,Personal Loan,625862,17.11,24,2024-11-22,Approved
L6463,C1725,Auto Loan,1596268,13.89,60,2025-12-16,Rejected
L6464,C1794,Auto Loan,612028,8.06,84,2026-05-28,Approved
L6465,C1210,Personal Loan,282409,7.88,120,2024-05-12,Rejected
L6466,C1364,Personal Loan,760669,7.08,24,2025-08-06,Rejected
L6467,C1075,Business Loan,1937094,13.3,240,2025-08-12,Pending
L6468,C1659,Personal Loan,304451,9.41,84,2024-07-07,Default
L6469,C1320,Business Loan,1127013,15.31,24,2024-12-21,Approved
L6470,C1724,Personal Loan,297174,14.73,24,2024-03-11,Default
L6471,C1432,Education Loan,539844,10.32,36,2024-09-19,Rejected
L6472,C1108,Personal Loan,269700,8.62,12,2024-11-01,Rejected
L6473,C1640,Business Loan,587249,7.73,240,2025-07-11,Approved
L6474,C1521,Auto Loan,714539,15.35,48,2024-08-11,Pending
L6475,C1046,Home Loan,5325605,11.91,60,2024-11-23,Approved
L6476,C1378,Personal Loan,475658,10.38,120,2026-01-31,Pending
L6477,C1826,Education Loan,1143840,16.78,12,2025-08-10,Approved
L6478,C1095,Auto Loan,1597955,13.62,36,2024-03-14,Rejected
L6479,C1957,Personal Loan,314491,12.72,36,2025-05-25,Approved
L6480,C1102,Personal Loan,198182,15.42,24,2024-05-21,Approved
L6481,C1891,Education Loan,293242,16.29,180,2025-08-07,Approved
L6482,C1853,Personal Loan,757161,14.73,60,2024-04-11,Approved
L6483,C1145,Auto Loan,655987,11.78,12,2025-08-28,Approved
L6484,C1879,Home Loan,5119230,11.05,24,2025-08-03,Approved
L6485,C1941,Business Loan,381147,15.76,12,2024-03-05,Rejected
L6486,C1927,Business Loan,3756007,12.71,84,2024-07-11,Pending
L6487,C1026,Business Loan,1892063,14.95,240,2024-03-02,Rejected
L6488,C1731,Personal Loan,233208,17.18,120,2025-06-15,Approved
L6489,C1529,Business Loan,2227298,17.49,60,2024-08-28,Approved
L6490,C1678,Personal Loan,479791,9.83,36,2025-12-15,Approved
L6491,C1944,Auto Loan,420868,8.75,180,2025-02-13,Pending
L6492,C1988,Home Loan,3017939,9.64,48,2024-10-26,Pending
L6493,C1081,Personal Loan,164427,15.52,240,2024-07-13,Approved
L6494,C1427,Business Loan,2545215,10.94,60,2025-03-29,Approved
L6495,C1583,Personal Loan,727913,8.58,84,2025-07-27,Pending
L6496,C1821,Auto Loan,1469358,7.68,60,2025-09-10,Pending
L6497,C1478,Education Loan,711781,10.43,120,2025-09-28,Pending
L6498,C1765,Education Loan,588633,8.13,120,2024-10-27,Pending
L6499,C1161,Personal Loan,175607,8.38,12,2026-02-17,Approved
L6500,C1838,Home Loan,3832954,14.71,24,2025-03-31,Approved
L6501,C1931,Education Loan,179876,6.74,120,2024-07-20,Approved
L6502,C1401,Personal Loan,542108,7.91,180,2025-11-04,Approved
L6503,C1507,Home Loan,967071,16.63,48,2026-05-05,Approved
L6504,C1037,Personal Loan,777247,16.64,84,2024-10-28,Approved
L6505,C1954,Home Loan,5450188,10.45,36,2025-09-15,Approved
L6506,C1510,Business Loan,3908318,7.56,120,2024-12-02,Approved
L6507,C1392,Home Loan,3465880,14.96,36,2024-02-01,Approved
L6508,C1712,Auto Loan,755943,10.82,120,2024-04-07,Approved
L6509,C1493,Home Loan,5561631,7.05,180,2026-01-28,Approved
L6510,C1199,Home Loan,3214551,8.39,36,2026-02-11,Pending
L6511,C1254,Personal Loan,122219,8.15,24,2024-07-09,Pending
L6512,C1178,Personal Loan,760349,13.57,84,2025-06-24,Approved
L6513,C1546,Home Loan,2646252,17.28,48,2024-02-17,Approved
L6514,C1593,Auto Loan,1569315,16.02,180,2024-09-06,Approved
L6515,C1388,Home Loan,3592063,13.06,24,2024-08-13,Rejected
L6516,C1397,Personal Loan,768590,11.57,48,2024-09-28,Approved
L6517,C1731,Home Loan,1166042,13.92,24,2025-10-26,Approved
L6518,C1157,Personal Loan,340515,11.83,24,2025-04-29,Pending
L6519,C1003,Business Loan,3908302,9.45,24,2024-11-23,Approved
L6520,C1166,Home Loan,3064381,14.65,12,2026-03-07,Approved
L6521,C1467,Personal Loan,55914,16.98,48,2024-06-28,Approved
L6522,C1959,Personal Loan,264772,10.97,24,2026-03-24,Approved
L6523,C1408,Business Loan,1637900,16.6,240,2025-10-26,Approved
L6524,C1411,Personal Loan,277561,11.67,240,2026-01-15,Pending
L6525,C1203,Education Loan,719501,11.32,120,2024-01-23,Approved
L6526,C1193,Personal Loan,470576,6.84,84,2025-08-28,Rejected
L6527,C1234,Business Loan,2959245,14.84,36,2025-01-04,Approved
L6528,C1717,Business Loan,2803821,16.19,120,2024-09-01,Approved
L6529,C1149,Auto Loan,1375175,14.46,12,2026-03-12,Approved
L6530,C1158,Personal Loan,728063,8.32,240,2024-06-08,Approved
L6531,C1278,Personal Loan,240093,7.74,48,2025-01-07,Approved
L6532,C1815,Home Loan,2991951,13.37,84,2024-10-11,Approved
L6533,C1403,Home Loan,5616977,11.32,84,2025-06-04,Pending
L6534,C1892,Personal Loan,138919,11.65,36,2025-03-25,Approved
L6535,C1677,Personal Loan,655750,18.11,48,2025-11-27,Approved
L6536,C1310,Auto Loan,379340,15.19,36,2026-03-17,Approved
L6537,C1067,Home Loan,5036343,11.44,84,2025-10-08,Approved
L6538,C1462,Personal Loan,97800,6.73,12,2025-09-13,Approved
L6539,C1087,Personal Loan,352905,6.91,180,2025-08-03,Approved
L6540,C1216,Business Loan,918914,14.72,180,2024-05-15,Approved
L6541,C1000,Home Loan,3596175,16.55,240,2024-04-05,Approved
L6542,C1134,Education Loan,1057916,14.99,84,2024-04-28,Rejected
L6543,C1696,Home Loan,1041324,11.37,12,2025-01-08,Approved
L6544,C1350,Personal Loan,559662,6.87,36,2024-09-30,Approved
L6545,C1139,Personal Loan,478583,18.11,12,2026-05-19,Rejected
L6546,C1617,Personal Loan,563520,18.34,60,2026-05-27,Default
L6547,C1132,Business Loan,2271893,13.09,36,2026-04-29,Rejected
L6548,C1619,Auto Loan,1570614,7.35,24,2024-06-25,Approved
L6549,C1177,Personal Loan,283229,12.99,36,2026-05-22,Rejected
L6550,C1809,Business Loan,2391706,17.21,240,2026-01-18,Approved
L6551,C1357,Personal Loan,111748,14.66,180,2026-02-22,Approved
L6552,C1379,Business Loan,1389766,15.14,36,2024-10-03,Pending
L6553,C1907,Business Loan,1388894,7.52,24,2024-05-17,Approved
L6554,C1870,Personal Loan,742378,7.78,60,2026-05-23,Default
L6555,C1657,Personal Loan,174078,8.03,12,2024-05-11,Rejected
L6556,C1449,Home Loan,839759,17.35,48,2024-02-13,Rejected
L6557,C1585,Auto Loan,1002930,12.81,180,2024-05-02,Rejected
L6558,C1462,Home Loan,5373483,16.0,12,2024-05-15,Approved
L6559,C1989,Business Loan,3250161,7.88,60,2025-01-01,Approved
L6560,C1107,Auto Loan,567375,17.63,48,2025-01-07,Pending
L6561,C1121,Personal Loan,735459,16.35,84,2024-05-05,Rejected
L6562,C1016,Personal Loan,483855,9.2,120,2025-03-14,Pending
L6563,C1195,Auto Loan,1091111,16.99,240,2026-02-25,Pending
L6564,C1326,Personal Loan,335626,9.66,12,2025-07-29,Default
L6565,C1317,Education Loan,1128825,8.96,48,2026-03-18,Rejected
L6566,C1808,Personal Loan,530533,9.67,84,2026-01-13,Approved
L6567,C1478,Personal Loan,445252,17.42,120,2024-02-20,Approved
L6568,C1251,Personal Loan,610102,17.49,120,2024-05-16,Rejected
L6569,C1502,Auto Loan,915054,10.45,180,2024-06-06,Approved
L6570,C1998,Personal Loan,460140,14.97,180,2024-02-25,Approved
L6571,C1118,Education Loan,491637,14.61,180,2025-08-15,Approved
L6572,C1673,Home Loan,5243131,16.18,180,2026-01-13,Pending
L6573,C1709,Education Loan,345256,10.06,180,2025-03-03,Pending
L6574,C1497,Auto Loan,544087,12.62,84,2025-03-18,Rejected
L6575,C1485,Personal Loan,71518,14.51,240,2024-11-21,Approved
L6576,C1044,Education Loan,510275,6.82,36,2025-10-01,Rejected
L6577,C1313,Personal Loan,597340,11.02,84,2025-09-29,Approved
L6578,C1178,Home Loan,2629210,14.85,60,2026-04-08,Approved
L6579,C1893,Personal Loan,644091,9.53,180,2024-03-20,Approved
L6580,C1417,Education Loan,171524,17.99,48,2025-04-18,Approved
L6581,C1555,Business Loan,3146022,6.86,48,2025-01-11,Approved
L6582,C1782,Auto Loan,1767431,18.0,60,2026-05-18,Rejected
L6583,C1077,Home Loan,1676004,9.1,84,2024-11-28,Approved
L6584,C1325,Education Loan,691309,7.09,48,2024-06-23,Default
L6585,C1689,Personal Loan,785609,10.01,24,2025-10-18,Approved
L6586,C1356,Business Loan,2679339,15.94,24,2025-03-16,Approved
L6587,C1415,Personal Loan,52419,15.53,36,2024-05-05,Approved
L6588,C1962,Business Loan,2060828,9.01,24,2025-11-24,Approved
L6589,C1514,Education Loan,868976,8.86,12,2024-08-06,Approved
L6590,C1213,Education Loan,1034644,14.21,180,2024-10-04,Approved
L6591,C1853,Auto Loan,636700,12.0,60,2025-04-29,Approved
L6592,C1073,Home Loan,2043517,16.01,12,2025-08-17,Approved
L6593,C1562,Auto Loan,1424858,6.79,240,2024-05-20,Rejected
L6594,C1578,Personal Loan,390641,13.82,180,2026-04-25,Approved
L6595,C1508,Auto Loan,832899,15.27,48,2025-08-29,Approved
L6596,C1331,Auto Loan,1386135,18.42,180,2026-05-26,Rejected
L6597,C1092,Business Loan,2983552,14.65,120,2025-12-06,Approved
L6598,C1687,Home Loan,1748614,9.28,120,2024-04-19,Pending
L6599,C1656,Personal Loan,289040,7.8,12,2024-02-21,Default
L6600,C1518,Personal Loan,795778,14.19,84,2025-09-06,Approved
L6601,C1268,Auto Loan,1240206,12.78,48,2025-09-04,Default
L6602,C1375,Personal Loan,395182,17.29,24,2025-10-15,Rejected
L6603,C1833,Personal Loan,556805,15.22,120,2025-12-13,Default
L6604,C1003,Education Loan,1090671,12.62,240,2024-11-14,Rejected
L6605,C1137,Auto Loan,465161,11.34,60,2024-07-17,Approved
L6606,C1230,Home Loan,5342709,11.35,180,2026-03-06,Pending
L6607,C1599,Personal Loan,241196,9.22,60,2025-12-29,Approved
L6608,C1528,Education Loan,690608,6.71,120,2024-02-15,Approved
L6609,C1051,Personal Loan,285067,13.4,120,2025-05-19,Approved
L6610,C1645,Education Loan,437232,9.05,240,2025-06-23,Approved
L6611,C1722,Personal Loan,230786,9.0,36,2025-05-28,Approved
L6612,C1324,Business Loan,1642641,8.0,12,2026-06-13,Rejected
L6613,C1991,Home Loan,4736906,8.78,24,2024-01-17,Default
L6614,C1969,Home Loan,3078569,6.88,84,2024-11-10,Approved
L6615,C1904,Auto Loan,440678,14.59,240,2025-03-11,Default
L6616,C1730,Auto Loan,543275,11.32,36,2025-01-22,Default
L6617,C1716,Personal Loan,72063,13.24,24,2024-03-17,Approved
L6618,C1722,Education Loan,234670,14.14,12,2026-06-17,Approved
L6619,C1276,Personal Loan,60564,18.17,24,2025-01-05,Pending
L6620,C1535,Business Loan,3163564,7.32,36,2024-06-13,Approved
L6621,C1485,Education Loan,851794,11.52,120,2025-08-31,Rejected
L6622,C1515,Personal Loan,566939,9.45,24,2025-09-08,Rejected
L6623,C1151,Education Loan,411869,12.22,60,2024-01-24,Approved
L6624,C1954,Home Loan,4556150,17.55,24,2025-12-12,Approved
L6625,C1482,Personal Loan,155940,15.19,120,2024-02-04,Approved
L6626,C1258,Business Loan,1277444,14.44,180,2025-05-28,Approved
L6627,C1323,Auto Loan,786373,11.79,180,2026-03-11,Approved
L6628,C1868,Home Loan,2390726,14.55,180,2026-04-23,Pending
L6629,C1167,Home Loan,2120985,6.89,240,2026-05-03,Approved
L6630,C1687,Personal Loan,190777,13.53,12,2025-04-05,Default
L6631,C1309,Business Loan,486351,13.15,12,2024-05-17,Approved
L6632,C1802,Personal Loan,636759,10.66,24,2026-04-28,Rejected
L6633,C1478,Personal Loan,141080,8.92,84,2025-07-27,Rejected
L6634,C1055,Home Loan,3370202,16.19,12,2026-03-21,Default
L6635,C1619,Home Loan,1256195,7.15,60,2025-12-09,Rejected
L6636,C1472,Home Loan,5312276,7.34,60,2026-06-07,Approved
L6637,C1295,Personal Loan,541422,11.79,48,2025-07-24,Default
L6638,C1460,Personal Loan,429028,9.53,60,2024-09-21,Rejected
L6639,C1323,Personal Loan,682295,15.45,12,2024-11-28,Approved
L6640,C1813,Business Loan,1913798,14.11,84,2024-07-06,Rejected
L6641,C1845,Personal Loan,580338,15.77,120,2024-03-03,Pending
L6642,C1140,Education Loan,1128520,10.4,180,2026-03-30,Approved
L6643,C1666,Education Loan,809038,15.39,24,2024-10-05,Approved
L6644,C1261,Education Loan,186332,16.85,120,2025-06-25,Pending
L6645,C1784,Business Loan,1181037,10.64,84,2024-06-19,Rejected
L6646,C1419,Personal Loan,530579,10.58,240,2025-05-17,Approved
L6647,C1743,Personal Loan,305540,17.3,180,2025-06-16,Approved
L6648,C1240,Home Loan,1054547,7.1,48,2024-10-25,Approved
L6649,C1354,Personal Loan,360112,10.7,240,2024-07-19,Rejected
L6650,C1848,Education Loan,371251,7.92,12,2024-05-14,Pending
L6651,C1769,Auto Loan,1763332,6.85,84,2024-09-28,Approved
L6652,C1760,Business Loan,2977221,7.85,180,2025-06-18,Approved
L6653,C1588,Personal Loan,316013,11.67,48,2025-03-17,Approved
L6654,C1179,Business Loan,755911,14.74,24,2024-03-27,Rejected
L6655,C1065,Personal Loan,503638,9.97,24,2024-01-31,Approved
L6656,C1819,Home Loan,2136371,16.7,12,2024-04-30,Approved
L6657,C1347,Home Loan,3391661,11.75,60,2024-03-09,Approved
L6658,C1170,Education Loan,123446,18.12,84,2025-10-07,Rejected
L6659,C1473,Home Loan,2017756,17.95,48,2026-06-01,Approved
L6660,C1533,Business Loan,2925263,15.78,48,2026-04-06,Approved
L6661,C1366,Business Loan,2541678,17.69,60,2025-05-10,Pending
L6662,C1106,Business Loan,3056444,14.99,60,2024-05-25,Approved
L6663,C1438,Personal Loan,255162,17.25,240,2024-11-28,Approved
L6664,C1834,Business Loan,3513693,9.34,180,2025-04-25,Default
L6665,C1226,Education Loan,566196,10.65,240,2024-09-19,Approved
L6666,C1443,Personal Loan,322654,15.54,36,2024-10-19,Approved
L6667,C1441,Personal Loan,487261,11.59,36,2025-03-04,Approved
L6668,C1395,Personal Loan,715897,16.55,12,2024-03-26,Rejected
L6669,C1727,Personal Loan,515899,17.03,84,2024-01-16,Approved
L6670,C1580,Home Loan,3003087,10.1,48,2025-12-28,Pending
L6671,C1083,Business Loan,3252718,16.38,180,2025-09-19,Approved
L6672,C1614,Home Loan,5752297,8.35,24,2024-04-27,Approved
L6673,C1550,Home Loan,5495747,10.51,24,2024-09-26,Rejected
L6674,C1012,Business Loan,2651130,12.72,120,2025-01-29,Default
L6675,C1808,Personal Loan,719142,9.22,60,2026-05-04,Approved
L6676,C1824,Business Loan,676924,13.45,12,2024-06-10,Pending
L6677,C1692,Home Loan,1187688,13.44,120,2025-11-30,Approved
L6678,C1492,Auto Loan,716404,8.98,120,2024-04-13,Approved
L6679,C1267,Personal Loan,387864,16.05,84,2025-10-14,Approved
L6680,C1524,Auto Loan,1270648,14.08,48,2024-06-15,Approved
L6681,C1119,Personal Loan,131015,10.31,180,2024-10-26,Approved
L6682,C1969,Education Loan,325075,9.29,24,2024-01-28,Approved
L6683,C1352,Personal Loan,794298,17.05,24,2025-02-27,Approved
L6684,C1056,Business Loan,3518474,16.53,24,2026-02-22,Approved
L6685,C1039,Home Loan,5171078,9.26,36,2025-07-15,Pending
L6686,C1885,Personal Loan,414404,6.93,84,2026-06-01,Default
L6687,C1335,Auto Loan,599273,16.15,12,2024-06-04,Rejected
L6688,C1639,Personal Loan,178259,13.89,24,2024-11-19,Approved
L6689,C1172,Education Loan,130916,7.71,24,2024-12-13,Approved
L6690,C1546,Business Loan,851556,13.55,12,2024-04-30,Rejected
L6691,C1258,Education Loan,123259,11.93,36,2025-10-13,Default
L6692,C1887,Personal Loan,496799,15.79,120,2025-06-11,Approved
L6693,C1516,Auto Loan,803688,9.01,12,2026-03-31,Pending
L6694,C1729,Auto Loan,496437,11.94,120,2025-07-14,Default
L6695,C1522,Education Loan,1155619,8.37,60,2024-06-12,Pending
L6696,C1893,Personal Loan,755790,17.99,240,2024-03-02,Approved
L6697,C1838,Home Loan,5101313,15.84,24,2024-12-05,Approved
L6698,C1116,Home Loan,2661317,15.34,12,2025-10-27,Approved
L6699,C1183,Personal Loan,569466,14.78,240,2024-11-07,Approved
L6700,C1905,Personal Loan,687547,11.58,180,2025-01-10,Approved
L6701,C1873,Home Loan,4046532,17.58,84,2024-12-11,Approved
L6702,C1115,Business Loan,369000,7.38,60,2024-05-29,Rejected
L6703,C1161,Business Loan,384179,16.14,180,2026-06-06,Approved
L6704,C1578,Auto Loan,1723282,9.08,180,2025-08-07,Approved
L6705,C1711,Home Loan,1584514,10.39,60,2025-08-03,Rejected
L6706,C1542,Personal Loan,73880,12.73,120,2024-06-25,Rejected
L6707,C1586,Business Loan,2219587,15.89,12,2024-12-19,Rejected
L6708,C1236,Business Loan,3839199,16.56,48,2025-05-28,Approved
L6709,C1838,Business Loan,694718,13.5,24,2024-11-04,Rejected
L6710,C1065,Education Loan,825552,11.34,36,2024-04-28,Approved
L6711,C1069,Personal Loan,519054,17.86,12,2025-06-02,Approved
L6712,C1808,Education Loan,957398,9.46,24,2026-02-05,Rejected
L6713,C1446,Home Loan,3069590,16.14,12,2025-04-22,Approved
L6714,C1415,Personal Loan,470641,13.84,180,2025-02-17,Approved
L6715,C1531,Education Loan,545544,11.02,48,2025-08-09,Approved
L6716,C1440,Personal Loan,641684,6.52,36,2024-12-16,Approved
L6717,C1737,Personal Loan,383838,11.86,12,2025-05-20,Approved
L6718,C1945,Home Loan,4344750,9.82,24,2024-07-13,Pending
L6719,C1463,Home Loan,5473794,7.75,36,2024-07-05,Approved
L6720,C1920,Business Loan,3200690,7.4,36,2025-03-25,Default
L6721,C1395,Personal Loan,106731,10.67,84,2025-05-10,Approved
L6722,C1710,Personal Loan,125010,13.88,180,2025-05-29,Approved
L6723,C1550,Personal Loan,299091,16.55,84,2025-11-26,Approved
L6724,C1656,Personal Loan,344743,8.7,24,2026-04-26,Approved
L6725,C1556,Personal Loan,121326,11.6,24,2024-09-29,Rejected
L6726,C1394,Auto Loan,973164,11.2,120,2026-05-29,Approved
L6727,C1325,Home Loan,1137850,12.66,12,2024-02-21,Approved
L6728,C1892,Education Loan,588968,16.22,12,2024-09-19,Rejected
L6729,C1918,Business Loan,2855280,13.14,120,2025-01-02,Approved
L6730,C1090,Auto Loan,254645,16.66,240,2024-05-12,Pending
L6731,C1749,Personal Loan,581520,12.72,60,2024-08-12,Rejected
L6732,C1069,Personal Loan,521426,13.75,12,2024-11-05,Approved
L6733,C1165,Business Loan,1927630,11.75,60,2025-07-26,Approved
L6734,C1641,Home Loan,2493465,16.38,12,2026-05-26,Approved
L6735,C1213,Education Loan,181588,17.59,240,2024-01-16,Pending
L6736,C1851,Business Loan,1528190,14.17,48,2026-01-10,Approved
L6737,C1600,Business Loan,3975929,16.35,240,2024-07-13,Approved
L6738,C1334,Business Loan,413693,7.21,24,2026-02-01,Approved
L6739,C1763,Auto Loan,210567,17.37,120,2025-03-18,Approved
L6740,C1368,Personal Loan,612667,8.77,24,2024-10-29,Approved
L6741,C1860,Business Loan,2078904,9.58,48,2024-02-17,Pending
L6742,C1583,Home Loan,3028553,7.14,84,2026-01-16,Approved
L6743,C1676,Personal Loan,255459,18.08,24,2024-04-30,Default
L6744,C1048,Auto Loan,261032,16.72,24,2025-05-13,Pending
L6745,C1051,Auto Loan,899438,17.46,24,2026-04-11,Approved
L6746,C1288,Business Loan,1175094,16.67,36,2025-07-15,Approved
L6747,C1789,Auto Loan,1794164,12.25,60,2025-04-13,Approved
L6748,C1625,Personal Loan,494161,17.59,240,2024-02-10,Rejected
L6749,C1238,Business Loan,2977049,18.13,84,2025-03-31,Approved
L6750,C1132,Education Loan,291634,12.53,240,2025-06-17,Default
L6751,C1998,Auto Loan,814333,8.61,60,2025-01-05,Approved
L6752,C1785,Personal Loan,798005,14.4,84,2024-06-30,Approved
L6753,C1165,Home Loan,1019162,18.21,180,2025-05-31,Rejected
L6754,C1373,Auto Loan,1276252,16.97,36,2025-10-18,Approved
L6755,C1372,Personal Loan,504926,16.84,24,2026-05-18,Pending
L6756,C1804,Personal Loan,794700,17.71,36,2025-08-12,Approved
L6757,C1477,Auto Loan,1416571,17.23,240,2024-08-18,Approved
L6758,C1754,Home Loan,2140522,15.82,84,2026-03-19,Approved
L6759,C1478,Home Loan,2201051,15.12,48,2024-12-13,Pending
L6760,C1831,Personal Loan,506120,9.68,36,2025-04-23,Approved
L6761,C1649,Home Loan,4070514,13.96,24,2024-07-27,Default
L6762,C1590,Education Loan,951601,12.76,48,2025-11-05,Approved
L6763,C1681,Personal Loan,642435,16.84,240,2025-11-10,Approved
L6764,C1634,Personal Loan,596363,12.4,48,2024-10-04,Approved
L6765,C1687,Auto Loan,930076,8.03,60,2026-01-18,Approved
L6766,C1299,Business Loan,3455032,6.56,180,2025-11-18,Approved
L6767,C1081,Auto Loan,329851,14.63,24,2024-02-22,Approved
L6768,C1086,Personal Loan,432873,13.1,36,2026-05-10,Rejected
L6769,C1224,Personal Loan,109622,10.47,84,2024-01-10,Approved
L6770,C1015,Business Loan,3762087,8.53,120,2025-10-19,Approved
L6771,C1821,Personal Loan,682942,12.1,48,2026-01-08,Approved
L6772,C1357,Auto Loan,1654313,7.7,12,2026-01-17,Rejected
L6773,C1162,Home Loan,4194837,10.53,120,2025-04-08,Approved
L6774,C1609,Personal Loan,336172,11.05,240,2026-01-23,Approved
L6775,C1667,Education Loan,663616,12.09,12,2026-03-27,Approved
L6776,C1513,Education Loan,389445,12.1,12,2025-08-05,Rejected
L6777,C1349,Auto Loan,500159,9.58,12,2024-06-06,Pending
L6778,C1908,Personal Loan,792636,16.7,120,2024-01-19,Approved
L6779,C1680,Personal Loan,611133,10.77,240,2024-02-24,Approved
L6780,C1463,Auto Loan,375231,9.26,36,2025-12-27,Pending
L6781,C1826,Auto Loan,505858,8.61,180,2025-12-21,Default
L6782,C1836,Personal Loan,130722,10.37,240,2024-01-21,Rejected
L6783,C1374,Personal Loan,337374,7.31,36,2024-10-08,Default
L6784,C1091,Personal Loan,666842,6.89,36,2026-01-30,Rejected
L6785,C1180,Business Loan,3494990,13.76,12,2025-06-23,Rejected
L6786,C1742,Education Loan,1107705,13.93,24,2025-02-20,Approved
L6787,C1300,Business Loan,341722,12.86,120,2026-03-18,Approved
L6788,C1659,Personal Loan,745519,15.65,36,2025-12-23,Approved
L6789,C1791,Business Loan,540740,6.97,120,2024-10-11,Pending
L6790,C1188,Personal Loan,661340,17.73,60,2025-06-15,Default
L6791,C1858,Home Loan,4046536,7.64,180,2025-06-15,Rejected
L6792,C1861,Education Loan,355416,14.59,60,2025-05-25,Approved
L6793,C1313,Personal Loan,312128,8.1,36,2026-04-21,Approved
L6794,C1492,Home Loan,3667492,17.06,240,2025-01-30,Approved
L6795,C1922,Personal Loan,363030,12.63,120,2024-04-29,Approved
L6796,C1921,Personal Loan,470411,7.49,60,2024-04-06,Approved
L6797,C1127,Auto Loan,304697,13.9,120,2024-04-29,Default
L6798,C1518,Auto Loan,1736651,6.61,240,2025-06-20,Approved
L6799,C1425,Education Loan,857130,15.81,60,2024-06-01,Approved
